transfers	n_species	community_id	strep_conc	replicate	OD
1	2	P01	0	1	0.838
3	2	P01	0	1	0.262
5	2	P01	0	1	0.293
7	2	P01	0	1	0.299
8	2	P01	0	1	0.318
1	2	P01	0	2	0.916
3	2	P01	0	2	0.294
5	2	P01	0	2	0.3
7	2	P01	0	2	0.286
8	2	P01	0	2	0.297
1	2	P01	16	1	0.413
3	2	P01	16	1	0.163
5	2	P01	16	1	0.251
7	2	P01	16	1	0.232
8	2	P01	16	1	0.258
1	2	P01	16	2	0.439
3	2	P01	16	2	0.18
5	2	P01	16	2	0.284
7	2	P01	16	2	0.261
8	2	P01	16	2	0.277
1	2	P01	64	1	0.053
3	2	P01	64	1	0.129
5	2	P01	64	1	0.169
7	2	P01	64	1	0.151
8	2	P01	64	1	0.162
1	2	P01	64	2	0.203
3	2	P01	64	2	0.166
5	2	P01	64	2	0.17
7	2	P01	64	2	0.167
8	2	P01	64	2	0.166
1	2	P01	256	1	0.039
3	2	P01	256	1	0.037
5	2	P01	256	1	0.039
7	2	P01	256	1	0.037
8	2	P01	256	1	0.037
1	2	P01	256	2	0.036
3	2	P01	256	2	0.037
5	2	P01	256	2	0.043
7	2	P01	256	2	0.041
8	2	P01	256	2	0.042
1	2	P03	0	1	0.411
3	2	P03	0	1	0.27
5	2	P03	0	1	0.294
7	2	P03	0	1	0.297
8	2	P03	0	1	0.302
1	2	P03	0	2	0.42
3	2	P03	0	2	0.287
5	2	P03	0	2	0.289
7	2	P03	0	2	0.276
8	2	P03	0	2	0.277
1	2	P03	16	1	0.38
3	2	P03	16	1	0.268
5	2	P03	16	1	0.28
7	2	P03	16	1	0.255
8	2	P03	16	1	0.28
1	2	P03	16	2	0.351
3	2	P03	16	2	0.274
5	2	P03	16	2	0.293
7	2	P03	16	2	0.283
8	2	P03	16	2	0.275
1	2	P03	64	1	0.325
3	2	P03	64	1	0.242
5	2	P03	64	1	0.284
7	2	P03	64	1	0.266
8	2	P03	64	1	0.279
1	2	P03	64	2	0.34
3	2	P03	64	2	0.236
5	2	P03	64	2	0.257
7	2	P03	64	2	0.266
8	2	P03	64	2	0.237
1	2	P03	256	1	0.305
3	2	P03	256	1	0.228
5	2	P03	256	1	0.259
7	2	P03	256	1	0.243
8	2	P03	256	1	0.256
1	2	P03	256	2	0.326
3	2	P03	256	2	0.241
5	2	P03	256	2	0.265
7	2	P03	256	2	0.257
8	2	P03	256	2	0.251
1	2	P04	0	1	0.357
3	2	P04	0	1	0.268
5	2	P04	0	1	0.275
7	2	P04	0	1	0.28
8	2	P04	0	1	0.272
1	2	P04	0	2	0.347
3	2	P04	0	2	0.261
5	2	P04	0	2	0.275
7	2	P04	0	2	0.265
8	2	P04	0	2	0.259
1	2	P04	16	1	0.327
3	2	P04	16	1	0.267
5	2	P04	16	1	0.278
7	2	P04	16	1	0.249
8	2	P04	16	1	0.263
1	2	P04	16	2	0.329
3	2	P04	16	2	0.267
5	2	P04	16	2	0.282
7	2	P04	16	2	0.267
8	2	P04	16	2	0.251
1	2	P04	64	1	0.321
3	2	P04	64	1	0.241
5	2	P04	64	1	0.247
7	2	P04	64	1	0.248
8	2	P04	64	1	0.249
1	2	P04	64	2	0.331
3	2	P04	64	2	0.24
5	2	P04	64	2	0.253
7	2	P04	64	2	0.242
8	2	P04	64	2	0.235
1	2	P04	256	1	0.323
3	2	P04	256	1	0.243
5	2	P04	256	1	0.283
7	2	P04	256	1	0.24
8	2	P04	256	1	0.238
1	2	P04	256	2	0.309
3	2	P04	256	2	0.237
5	2	P04	256	2	0.252
7	2	P04	256	2	0.237
8	2	P04	256	2	0.252
1	2	P05	0	1	0.95
3	2	P05	0	1	0.268
5	2	P05	0	1	0.291
7	2	P05	0	1	0.302
8	2	P05	0	1	0.291
1	2	P05	0	2	0.962
3	2	P05	0	2	0.28
5	2	P05	0	2	0.288
7	2	P05	0	2	0.289
8	2	P05	0	2	0.27
1	2	P05	16	1	0.817
3	2	P05	16	1	0.278
5	2	P05	16	1	0.305
7	2	P05	16	1	0.29
8	2	P05	16	1	0.275
1	2	P05	16	2	0.837
3	2	P05	16	2	0.276
5	2	P05	16	2	0.296
7	2	P05	16	2	0.289
8	2	P05	16	2	0.276
1	2	P05	64	1	0.934
3	2	P05	64	1	0.269
5	2	P05	64	1	0.285
7	2	P05	64	1	0.277
8	2	P05	64	1	0.249
1	2	P05	64	2	0.779
3	2	P05	64	2	0.27
5	2	P05	64	2	0.274
7	2	P05	64	2	0.285
8	2	P05	64	2	0.263
1	2	P05	256	1	0.851
3	2	P05	256	1	0.22
5	2	P05	256	1	0.248
7	2	P05	256	1	0.259
8	2	P05	256	1	0.261
1	2	P05	256	2	0.806
3	2	P05	256	2	0.237
5	2	P05	256	2	0.253
7	2	P05	256	2	0.255
8	2	P05	256	2	0.267
1	2	P06	0	1	0.576
3	2	P06	0	1	0.233
5	2	P06	0	1	0.284
7	2	P06	0	1	0.321
8	2	P06	0	1	0.317
1	2	P06	0	2	0.732
3	2	P06	0	2	0.296
5	2	P06	0	2	0.31
7	2	P06	0	2	0.318
8	2	P06	0	2	0.31
1	2	P06	16	1	0.681
3	2	P06	16	1	0.274
5	2	P06	16	1	0.286
7	2	P06	16	1	0.267
8	2	P06	16	1	0.29
1	2	P06	16	2	0.678
3	2	P06	16	2	0.267
5	2	P06	16	2	0.286
7	2	P06	16	2	0.259
8	2	P06	16	2	0.251
1	2	P06	64	1	0.699
3	2	P06	64	1	0.199
5	2	P06	64	1	0.175
7	2	P06	64	1	0.187
8	2	P06	64	1	0.199
1	2	P06	64	2	0.507
3	2	P06	64	2	0.215
5	2	P06	64	2	0.219
7	2	P06	64	2	0.222
8	2	P06	64	2	0.21
1	2	P06	256	1	0.634
3	2	P06	256	1	0.204
5	2	P06	256	1	0.218
7	2	P06	256	1	0.209
8	2	P06	256	1	0.208
1	2	P06	256	2	0.502
3	2	P06	256	2	0.215
5	2	P06	256	2	0.22
7	2	P06	256	2	0.208
8	2	P06	256	2	0.216
1	2	P07	0	1	0.901
3	2	P07	0	1	0.284
5	2	P07	0	1	0.271
7	2	P07	0	1	0.306
8	2	P07	0	1	0.297
1	2	P07	0	2	1.44
3	2	P07	0	2	0.262
5	2	P07	0	2	0.298
7	2	P07	0	2	0.281
8	2	P07	0	2	0.294
1	2	P07	16	1	0.215
3	2	P07	16	1	0.175
5	2	P07	16	1	0.18
7	2	P07	16	1	0.178
8	2	P07	16	1	0.188
1	2	P07	16	2	0.762
3	2	P07	16	2	0.284
5	2	P07	16	2	0.313
7	2	P07	16	2	0.304
8	2	P07	16	2	0.295
1	2	P07	64	1	0.755
3	2	P07	64	1	0.288
5	2	P07	64	1	0.308
7	2	P07	64	1	0.302
8	2	P07	64	1	0.284
1	2	P07	64	2	0.221
3	2	P07	64	2	0.17
5	2	P07	64	2	0.17
7	2	P07	64	2	0.172
8	2	P07	64	2	0.169
1	2	P07	256	1	0.208
3	2	P07	256	1	0.164
5	2	P07	256	1	0.17
7	2	P07	256	1	0.181
8	2	P07	256	1	0.169
1	2	P07	256	2	0.231
3	2	P07	256	2	0.163
5	2	P07	256	2	0.178
7	2	P07	256	2	0.175
8	2	P07	256	2	0.176
1	2	P08	0	1	0.594
3	2	P08	0	1	0.464
5	2	P08	0	1	0.241
7	2	P08	0	1	0.224
8	2	P08	0	1	0.244
1	2	P08	0	2	0.664
3	2	P08	0	2	0.244
5	2	P08	0	2	0.232
7	2	P08	0	2	0.232
8	2	P08	0	2	0.233
1	2	P08	16	1	0.643
3	2	P08	16	1	0.256
5	2	P08	16	1	0.255
7	2	P08	16	1	0.222
8	2	P08	16	1	0.249
1	2	P08	16	2	0.587
3	2	P08	16	2	0.315
5	2	P08	16	2	0.231
7	2	P08	16	2	0.22
8	2	P08	16	2	0.263
1	2	P08	64	1	0.607
3	2	P08	64	1	0.247
5	2	P08	64	1	0.258
7	2	P08	64	1	0.254
8	2	P08	64	1	0.221
1	2	P08	64	2	0.588
3	2	P08	64	2	0.227
5	2	P08	64	2	0.268
7	2	P08	64	2	0.219
8	2	P08	64	2	0.201
1	2	P08	256	1	0.45
3	2	P08	256	1	0.271
5	2	P08	256	1	0.228
7	2	P08	256	1	0.225
8	2	P08	256	1	0.24
1	2	P08	256	2	0.529
3	2	P08	256	2	0.23
5	2	P08	256	2	0.289
7	2	P08	256	2	0.241
8	2	P08	256	2	0.25
1	2	P09	0	1	0.387
3	2	P09	0	1	0.268
5	2	P09	0	1	0.29
7	2	P09	0	1	0.293
8	2	P09	0	1	0.276
1	2	P09	0	2	0.378
3	2	P09	0	2	0.268
5	2	P09	0	2	0.292
7	2	P09	0	2	0.278
8	2	P09	0	2	0.272
1	2	P09	16	1	0.346
3	2	P09	16	1	0.275
5	2	P09	16	1	0.279
7	2	P09	16	1	0.27
8	2	P09	16	1	0.286
1	2	P09	16	2	0.354
3	2	P09	16	2	0.277
5	2	P09	16	2	0.296
7	2	P09	16	2	0.292
8	2	P09	16	2	0.281
1	2	P09	64	1	0.328
3	2	P09	64	1	0.267
5	2	P09	64	1	0.293
7	2	P09	64	1	0.284
8	2	P09	64	1	0.276
1	2	P09	64	2	0.33
3	2	P09	64	2	0.268
5	2	P09	64	2	0.266
7	2	P09	64	2	0.291
8	2	P09	64	2	0.259
1	2	P09	256	1	0.315
3	2	P09	256	1	0.241
5	2	P09	256	1	0.298
7	2	P09	256	1	0.287
8	2	P09	256	1	0.281
1	2	P09	256	2	0.371
3	2	P09	256	2	0.259
5	2	P09	256	2	0.292
7	2	P09	256	2	0.282
8	2	P09	256	2	0.247
1	2	P10	0	1	0.384
3	2	P10	0	1	0.265
5	2	P10	0	1	0.278
7	2	P10	0	1	0.288
8	2	P10	0	1	0.264
1	2	P10	0	2	0.397
3	2	P10	0	2	0.255
5	2	P10	0	2	0.273
7	2	P10	0	2	0.266
8	2	P10	0	2	0.252
1	2	P10	16	1	0.37
3	2	P10	16	1	0.268
5	2	P10	16	1	0.279
7	2	P10	16	1	0.256
8	2	P10	16	1	0.278
1	2	P10	16	2	0.364
3	2	P10	16	2	0.268
5	2	P10	16	2	0.288
7	2	P10	16	2	0.279
8	2	P10	16	2	0.258
1	2	P10	64	1	0.352
3	2	P10	64	1	0.27
5	2	P10	64	1	0.267
7	2	P10	64	1	0.266
8	2	P10	64	1	0.259
1	2	P10	64	2	0.343
3	2	P10	64	2	0.256
5	2	P10	64	2	0.257
7	2	P10	64	2	0.273
8	2	P10	64	2	0.256
1	2	P10	256	1	0.348
3	2	P10	256	1	0.254
5	2	P10	256	1	0.272
7	2	P10	256	1	0.272
8	2	P10	256	1	0.267
1	2	P10	256	2	0.374
3	2	P10	256	2	0.26
5	2	P10	256	2	0.281
7	2	P10	256	2	0.268
8	2	P10	256	2	0.275
1	2	P11	0	1	0.989
3	2	P11	0	1	0.276
5	2	P11	0	1	0.296
7	2	P11	0	1	0.302
8	2	P11	0	1	0.288
1	2	P11	0	2	0.984
3	2	P11	0	2	0.285
5	2	P11	0	2	0.297
7	2	P11	0	2	0.297
8	2	P11	0	2	0.278
1	2	P11	16	1	0.795
3	2	P11	16	1	0.279
5	2	P11	16	1	0.303
7	2	P11	16	1	0.296
8	2	P11	16	1	0.283
1	2	P11	16	2	0.844
3	2	P11	16	2	0.276
5	2	P11	16	2	0.296
7	2	P11	16	2	0.292
8	2	P11	16	2	0.275
1	2	P11	64	1	0.882
3	2	P11	64	1	0.28
5	2	P11	64	1	0.286
7	2	P11	64	1	0.283
8	2	P11	64	1	0.275
1	2	P11	64	2	0.717
3	2	P11	64	2	0.277
5	2	P11	64	2	0.281
7	2	P11	64	2	0.294
8	2	P11	64	2	0.27
1	2	P11	256	1	0.785
3	2	P11	256	1	0.247
5	2	P11	256	1	0.284
7	2	P11	256	1	0.288
8	2	P11	256	1	0.289
1	2	P11	256	2	0.886
3	2	P11	256	2	0.208
5	2	P11	256	2	0.284
7	2	P11	256	2	0.277
8	2	P11	256	2	0.29
1	2	P12	0	1	0.592
3	2	P12	0	1	0.275
5	2	P12	0	1	0.295
7	2	P12	0	1	0.287
8	2	P12	0	1	0.28
1	2	P12	0	2	0.716
3	2	P12	0	2	0.276
5	2	P12	0	2	0.223
7	2	P12	0	2	0.224
8	2	P12	0	2	0.261
1	2	P12	16	1	0.595
3	2	P12	16	1	0.279
5	2	P12	16	1	0.285
7	2	P12	16	1	0.265
8	2	P12	16	1	0.28
1	2	P12	16	2	0.642
3	2	P12	16	2	0.277
5	2	P12	16	2	0.281
7	2	P12	16	2	0.277
8	2	P12	16	2	0.271
1	2	P12	64	1	0.677
3	2	P12	64	1	0.266
5	2	P12	64	1	0.284
7	2	P12	64	1	0.272
8	2	P12	64	1	0.271
1	2	P12	64	2	0.628
3	2	P12	64	2	0.259
5	2	P12	64	2	0.274
7	2	P12	64	2	0.269
8	2	P12	64	2	0.267
1	2	P12	256	1	0.428
3	2	P12	256	1	0.261
5	2	P12	256	1	0.264
7	2	P12	256	1	0.27
8	2	P12	256	1	0.283
1	2	P12	256	2	0.675
3	2	P12	256	2	0.268
5	2	P12	256	2	0.263
7	2	P12	256	2	0.257
8	2	P12	256	2	0.285
1	2	P13	0	1	0.888
3	2	P13	0	1	0.272
5	2	P13	0	1	0.3
7	2	P13	0	1	0.306
8	2	P13	0	1	0.288
1	2	P13	0	2	0.888
3	2	P13	0	2	0.286
5	2	P13	0	2	0.298
7	2	P13	0	2	0.29
8	2	P13	0	2	0.275
1	2	P13	16	1	0.847
3	2	P13	16	1	0.274
5	2	P13	16	1	0.307
7	2	P13	16	1	0.282
8	2	P13	16	1	0.289
1	2	P13	16	2	0.936
3	2	P13	16	2	0.268
5	2	P13	16	2	0.296
7	2	P13	16	2	0.293
8	2	P13	16	2	0.273
1	2	P13	64	1	0.872
3	2	P13	64	1	0.272
5	2	P13	64	1	0.29
7	2	P13	64	1	0.283
8	2	P13	64	1	0.267
1	2	P13	64	2	0.861
3	2	P13	64	2	0.273
5	2	P13	64	2	0.283
7	2	P13	64	2	0.282
8	2	P13	64	2	0.268
1	2	P13	256	1	0.828
3	2	P13	256	1	0.212
5	2	P13	256	1	0.248
7	2	P13	256	1	0.263
8	2	P13	256	1	0.256
1	2	P13	256	2	0.893
3	2	P13	256	2	0.231
5	2	P13	256	2	0.254
7	2	P13	256	2	0.264
8	2	P13	256	2	0.253
1	2	P14	0	1	0.932
3	2	P14	0	1	0.281
5	2	P14	0	1	0.304
7	2	P14	0	1	0.3
8	2	P14	0	1	0.289
1	2	P14	0	2	0.899
3	2	P14	0	2	0.269
5	2	P14	0	2	0.294
7	2	P14	0	2	0.249
8	2	P14	0	2	0.257
1	2	P14	16	1	0.869
3	2	P14	16	1	0.277
5	2	P14	16	1	0.307
7	2	P14	16	1	0.287
8	2	P14	16	1	0.284
1	2	P14	16	2	0.604
3	2	P14	16	2	0.304
5	2	P14	16	2	0.314
7	2	P14	16	2	0.325
8	2	P14	16	2	0.305
1	2	P14	64	1	0.905
3	2	P14	64	1	0.267
5	2	P14	64	1	0.3
7	2	P14	64	1	0.284
8	2	P14	64	1	0.247
1	2	P14	64	2	0.86
3	2	P14	64	2	0.27
5	2	P14	64	2	0.285
7	2	P14	64	2	0.284
8	2	P14	64	2	0.265
1	2	P14	256	1	0.796
3	2	P14	256	1	0.263
5	2	P14	256	1	0.282
7	2	P14	256	1	0.293
8	2	P14	256	1	0.286
1	2	P14	256	2	0.768
3	2	P14	256	2	0.254
5	2	P14	256	2	0.306
7	2	P14	256	2	0.299
8	2	P14	256	2	0.283
1	2	P15	0	1	0.978
3	2	P15	0	1	0.313
5	2	P15	0	1	0.338
7	2	P15	0	1	0.345
8	2	P15	0	1	0.34
1	2	P15	0	2	0.976
3	2	P15	0	2	0.304
5	2	P15	0	2	0.343
7	2	P15	0	2	0.339
8	2	P15	0	2	0.319
1	2	P15	16	1	0.772
3	2	P15	16	1	0.28
5	2	P15	16	1	0.306
7	2	P15	16	1	0.288
8	2	P15	16	1	0.279
1	2	P15	16	2	0.89
3	2	P15	16	2	0.292
5	2	P15	16	2	0.323
7	2	P15	16	2	0.306
8	2	P15	16	2	0.293
1	2	P15	64	1	0.637
3	2	P15	64	1	0.275
5	2	P15	64	1	0.283
7	2	P15	64	1	0.275
8	2	P15	64	1	0.267
1	2	P15	64	2	0.801
3	2	P15	64	2	0.272
5	2	P15	64	2	0.273
7	2	P15	64	2	0.286
8	2	P15	64	2	0.264
1	2	P15	256	1	0.76
3	2	P15	256	1	0.211
5	2	P15	256	1	0.235
7	2	P15	256	1	0.261
8	2	P15	256	1	0.254
1	2	P15	256	2	1.018
3	2	P15	256	2	0.244
5	2	P15	256	2	0.244
7	2	P15	256	2	0.255
8	2	P15	256	2	0.262
1	2	P16	0	1	0.677
3	2	P16	0	1	0.305
5	2	P16	0	1	0.339
7	2	P16	0	1	0.335
8	2	P16	0	1	0.315
1	2	P16	0	2	0.977
3	2	P16	0	2	0.291
5	2	P16	0	2	0.318
7	2	P16	0	2	0.324
8	2	P16	0	2	0.309
1	2	P16	16	1	0.873
3	2	P16	16	1	0.276
5	2	P16	16	1	0.295
7	2	P16	16	1	0.281
8	2	P16	16	1	0.283
1	2	P16	16	2	0.831
3	2	P16	16	2	0.307
5	2	P16	16	2	0.334
7	2	P16	16	2	0.327
8	2	P16	16	2	0.311
1	2	P16	64	1	0.891
3	2	P16	64	1	0.265
5	2	P16	64	1	0.287
7	2	P16	64	1	0.279
8	2	P16	64	1	0.261
1	2	P16	64	2	0.891
3	2	P16	64	2	0.264
5	2	P16	64	2	0.278
7	2	P16	64	2	0.284
8	2	P16	64	2	0.262
1	2	P16	256	1	0.681
3	2	P16	256	1	0.205
5	2	P16	256	1	0.254
7	2	P16	256	1	0.288
8	2	P16	256	1	0.291
1	2	P16	256	2	0.814
3	2	P16	256	2	0.266
5	2	P16	256	2	0.257
7	2	P16	256	2	0.3
8	2	P16	256	2	0.297
1	2	P17	0	1	0.556
3	2	P17	0	1	0.296
5	2	P17	0	1	0.321
7	2	P17	0	1	0.339
8	2	P17	0	1	0.35
1	2	P17	0	2	0.687
3	2	P17	0	2	0.304
5	2	P17	0	2	0.339
7	2	P17	0	2	0.325
8	2	P17	0	2	0.342
1	2	P17	16	1	0.653
3	2	P17	16	1	0.208
5	2	P17	16	1	0.232
7	2	P17	16	1	0.227
8	2	P17	16	1	0.233
1	2	P17	16	2	0.646
3	2	P17	16	2	0.199
5	2	P17	16	2	0.229
7	2	P17	16	2	0.227
8	2	P17	16	2	0.212
1	2	P17	64	1	0.626
3	2	P17	64	1	0.214
5	2	P17	64	1	0.224
7	2	P17	64	1	0.218
8	2	P17	64	1	0.211
1	2	P17	64	2	0.624
3	2	P17	64	2	0.221
5	2	P17	64	2	0.222
7	2	P17	64	2	0.216
8	2	P17	64	2	0.211
1	2	P17	256	1	0.53
3	2	P17	256	1	0.211
5	2	P17	256	1	0.222
7	2	P17	256	1	0.216
8	2	P17	256	1	0.197
1	2	P17	256	2	0.685
3	2	P17	256	2	0.204
5	2	P17	256	2	0.223
7	2	P17	256	2	0.212
8	2	P17	256	2	0.2
1	2	P18	0	1	0.66
3	2	P18	0	1	0.277
5	2	P18	0	1	0.31
7	2	P18	0	1	0.305
8	2	P18	0	1	0.316
1	2	P18	0	2	0.719
3	2	P18	0	2	0.25
5	2	P18	0	2	0.305
7	2	P18	0	2	0.305
8	2	P18	0	2	0.301
1	2	P18	16	1	0.553
3	2	P18	16	1	0.274
5	2	P18	16	1	0.307
7	2	P18	16	1	0.274
8	2	P18	16	1	0.297
1	2	P18	16	2	0.568
3	2	P18	16	2	0.271
5	2	P18	16	2	0.3
7	2	P18	16	2	0.306
8	2	P18	16	2	0.277
1	2	P18	64	1	0.671
3	2	P18	64	1	0.261
5	2	P18	64	1	0.311
7	2	P18	64	1	0.288
8	2	P18	64	1	0.252
1	2	P18	64	2	0.676
3	2	P18	64	2	0.27
5	2	P18	64	2	0.277
7	2	P18	64	2	0.298
8	2	P18	64	2	0.266
1	2	P18	256	1	0.589
3	2	P18	256	1	0.271
5	2	P18	256	1	0.287
7	2	P18	256	1	0.289
8	2	P18	256	1	0.307
1	2	P18	256	2	0.679
3	2	P18	256	2	0.269
5	2	P18	256	2	0.291
7	2	P18	256	2	0.294
8	2	P18	256	2	0.295
1	2	P19	0	1	0.601
3	2	P19	0	1	0.326
5	2	P19	0	1	0.357
7	2	P19	0	1	0.37
8	2	P19	0	1	0.36
1	2	P19	0	2	0.724
3	2	P19	0	2	0.344
5	2	P19	0	2	0.366
7	2	P19	0	2	0.362
8	2	P19	0	2	0.347
1	2	P19	16	1	0.672
3	2	P19	16	1	0.244
5	2	P19	16	1	0.278
7	2	P19	16	1	0.256
8	2	P19	16	1	0.265
1	2	P19	16	2	0.639
3	2	P19	16	2	0.239
5	2	P19	16	2	0.274
7	2	P19	16	2	0.273
8	2	P19	16	2	0.27
1	2	P19	64	1	0.631
3	2	P19	64	1	0.266
5	2	P19	64	1	0.265
7	2	P19	64	1	0.263
8	2	P19	64	1	0.256
1	2	P19	64	2	0.653
3	2	P19	64	2	0.255
5	2	P19	64	2	0.251
7	2	P19	64	2	0.27
8	2	P19	64	2	0.243
1	2	P19	256	1	0.52
3	2	P19	256	1	0.232
5	2	P19	256	1	0.175
7	2	P19	256	1	0.177
8	2	P19	256	1	0.202
1	2	P19	256	2	0.593
3	2	P19	256	2	0.213
5	2	P19	256	2	0.219
7	2	P19	256	2	0.208
8	2	P19	256	2	0.21
1	2	P02	0	1	0.758
3	2	P02	0	1	0.295
5	2	P02	0	1	0.25
7	2	P02	0	1	0.229
8	2	P02	0	1	0.238
1	2	P02	0	2	0.775
3	2	P02	0	2	0.266
5	2	P02	0	2	0.283
7	2	P02	0	2	0.225
8	2	P02	0	2	0.263
1	2	P02	16	1	0.815
3	2	P02	16	1	0.316
5	2	P02	16	1	0.273
7	2	P02	16	1	0.268
8	2	P02	16	1	0.268
1	2	P02	16	2	0.636
3	2	P02	16	2	0.399
5	2	P02	16	2	0.248
7	2	P02	16	2	0.287
8	2	P02	16	2	0.245
1	2	P02	64	1	0.782
3	2	P02	64	1	0.268
5	2	P02	64	1	0.29
7	2	P02	64	1	0.279
8	2	P02	64	1	0.227
1	2	P02	64	2	0.768
3	2	P02	64	2	0.264
5	2	P02	64	2	0.298
7	2	P02	64	2	0.245
8	2	P02	64	2	0.29
1	2	P02	256	1	0.877
3	2	P02	256	1	0.273
5	2	P02	256	1	0.289
7	2	P02	256	1	0.279
8	2	P02	256	1	0.308
1	2	P02	256	2	0.773
3	2	P02	256	2	0.275
5	2	P02	256	2	0.282
7	2	P02	256	2	0.269
8	2	P02	256	2	0.248
1	2	P20	0	1	0.587
3	2	P20	0	1	0.302
5	2	P20	0	1	0.344
7	2	P20	0	1	0.363
8	2	P20	0	1	0.36
1	2	P20	0	2	0.739
3	2	P20	0	2	0.324
5	2	P20	0	2	0.352
7	2	P20	0	2	0.353
8	2	P20	0	2	0.339
1	2	P20	16	1	0.585
3	2	P20	16	1	0.24
5	2	P20	16	1	0.275
7	2	P20	16	1	0.257
8	2	P20	16	1	0.264
1	2	P20	16	2	0.538
3	2	P20	16	2	0.247
5	2	P20	16	2	0.268
7	2	P20	16	2	0.268
8	2	P20	16	2	0.254
1	2	P20	64	1	0.625
3	2	P20	64	1	0.248
5	2	P20	64	1	0.263
7	2	P20	64	1	0.257
8	2	P20	64	1	0.254
1	2	P20	64	2	0.643
3	2	P20	64	2	0.241
5	2	P20	64	2	0.255
7	2	P20	64	2	0.262
8	2	P20	64	2	0.252
1	2	P20	256	1	0.637
3	2	P20	256	1	0.247
5	2	P20	256	1	0.29
7	2	P20	256	1	0.302
8	2	P20	256	1	0.308
1	2	P20	256	2	0.686
3	2	P20	256	2	0.246
5	2	P20	256	2	0.281
7	2	P20	256	2	0.301
8	2	P20	256	2	0.306
1	2	P21	0	1	0.755
3	2	P21	0	1	0.341
5	2	P21	0	1	0.374
7	2	P21	0	1	0.364
8	2	P21	0	1	0.357
1	2	P21	0	2	0.827
3	2	P21	0	2	0.342
5	2	P21	0	2	0.366
7	2	P21	0	2	0.356
8	2	P21	0	2	0.349
1	2	P21	16	1	0.394
3	2	P21	16	1	0.261
5	2	P21	16	1	0.277
7	2	P21	16	1	0.292
8	2	P21	16	1	0.329
1	2	P21	16	2	0.353
3	2	P21	16	2	0.272
5	2	P21	16	2	0.29
7	2	P21	16	2	0.343
8	2	P21	16	2	0.354
1	2	P21	64	1	0.345
3	2	P21	64	1	0.238
5	2	P21	64	1	0.256
7	2	P21	64	1	0.252
8	2	P21	64	1	0.252
1	2	P21	64	2	0.346
3	2	P21	64	2	0.236
5	2	P21	64	2	0.255
7	2	P21	64	2	0.249
8	2	P21	64	2	0.237
1	2	P21	256	1	0.306
3	2	P21	256	1	0.213
5	2	P21	256	1	0.247
7	2	P21	256	1	0.242
8	2	P21	256	1	0.24
1	2	P21	256	2	0.319
3	2	P21	256	2	0.227
5	2	P21	256	2	0.255
7	2	P21	256	2	0.25
8	2	P21	256	2	0.239
1	2	P22	0	1	0.749
3	2	P22	0	1	0.299
5	2	P22	0	1	0.341
7	2	P22	0	1	0.326
8	2	P22	0	1	0.297
1	2	P22	0	2	0.787
3	2	P22	0	2	0.335
5	2	P22	0	2	0.324
7	2	P22	0	2	0.331
8	2	P22	0	2	0.32
1	2	P22	16	1	0.851
3	2	P22	16	1	0.313
5	2	P22	16	1	0.327
7	2	P22	16	1	0.316
8	2	P22	16	1	0.322
1	2	P22	16	2	0.823
3	2	P22	16	2	0.32
5	2	P22	16	2	0.323
7	2	P22	16	2	0.348
8	2	P22	16	2	0.33
1	2	P22	64	1	0.82
3	2	P22	64	1	0.327
5	2	P22	64	1	0.338
7	2	P22	64	1	0.324
8	2	P22	64	1	0.286
1	2	P22	64	2	0.626
3	2	P22	64	2	0.311
5	2	P22	64	2	0.315
7	2	P22	64	2	0.329
8	2	P22	64	2	0.295
1	2	P22	256	1	0.626
3	2	P22	256	1	0.324
5	2	P22	256	1	0.331
7	2	P22	256	1	0.326
8	2	P22	256	1	0.33
1	2	P22	256	2	0.619
3	2	P22	256	2	0.312
5	2	P22	256	2	0.317
7	2	P22	256	2	0.317
8	2	P22	256	2	0.323
1	2	P23	0	1	0.373
3	2	P23	0	1	0.326
5	2	P23	0	1	0.36
7	2	P23	0	1	0.354
8	2	P23	0	1	0.355
1	2	P23	0	2	0.364
3	2	P23	0	2	0.344
5	2	P23	0	2	0.351
7	2	P23	0	2	0.343
8	2	P23	0	2	0.332
1	2	P23	16	1	0.356
3	2	P23	16	1	0.237
5	2	P23	16	1	0.251
7	2	P23	16	1	0.294
8	2	P23	16	1	0.327
1	2	P23	16	2	0.337
3	2	P23	16	2	0.243
5	2	P23	16	2	0.266
7	2	P23	16	2	0.275
8	2	P23	16	2	0.278
1	2	P23	64	1	0.353
3	2	P23	64	1	0.246
5	2	P23	64	1	0.251
7	2	P23	64	1	0.248
8	2	P23	64	1	0.239
1	2	P23	64	2	0.357
3	2	P23	64	2	0.243
5	2	P23	64	2	0.251
7	2	P23	64	2	0.253
8	2	P23	64	2	0.237
1	2	P23	256	1	0.353
3	2	P23	256	1	0.234
5	2	P23	256	1	0.27
7	2	P23	256	1	0.242
8	2	P23	256	1	0.229
1	2	P23	256	2	0.352
3	2	P23	256	2	0.23
5	2	P23	256	2	0.259
7	2	P23	256	2	0.247
8	2	P23	256	2	0.237
1	2	P24	0	1	0.602
3	2	P24	0	1	0.313
5	2	P24	0	1	0.279
7	2	P24	0	1	0.323
8	2	P24	0	1	0.296
1	2	P24	0	2	0.571
3	2	P24	0	2	0.324
5	2	P24	0	2	0.318
7	2	P24	0	2	0.316
8	2	P24	0	2	0.318
1	2	P24	16	1	0.577
3	2	P24	16	1	0.313
5	2	P24	16	1	0.317
7	2	P24	16	1	0.314
8	2	P24	16	1	0.319
1	2	P24	16	2	0.594
3	2	P24	16	2	0.309
5	2	P24	16	2	0.308
7	2	P24	16	2	0.312
8	2	P24	16	2	0.317
1	2	P24	64	1	0.593
3	2	P24	64	1	0.301
5	2	P24	64	1	0.359
7	2	P24	64	1	0.31
8	2	P24	64	1	0.282
1	2	P24	64	2	0.476
3	2	P24	64	2	0.309
5	2	P24	64	2	0.307
7	2	P24	64	2	0.317
8	2	P24	64	2	0.308
1	2	P24	256	1	0.458
3	2	P24	256	1	0.301
5	2	P24	256	1	0.326
7	2	P24	256	1	0.305
8	2	P24	256	1	0.327
1	2	P24	256	2	0.658
3	2	P24	256	2	0.3
5	2	P24	256	2	0.315
7	2	P24	256	2	0.31
8	2	P24	256	2	0.316
1	2	P25	0	1	0.845
3	2	P25	0	1	0.269
5	2	P25	0	1	0.314
7	2	P25	0	1	0.29
8	2	P25	0	1	0.328
1	2	P25	0	2	0.839
3	2	P25	0	2	0.304
5	2	P25	0	2	0.311
7	2	P25	0	2	0.268
8	2	P25	0	2	0.297
1	2	P25	16	1	0.544
3	2	P25	16	1	0.286
5	2	P25	16	1	0.173
7	2	P25	16	1	0.297
8	2	P25	16	1	0.29
1	2	P25	16	2	0.67
3	2	P25	16	2	0.228
5	2	P25	16	2	0.197
7	2	P25	16	2	0.396
8	2	P25	16	2	0.255
1	2	P25	64	1	0.037
3	2	P25	64	1	0.04
5	2	P25	64	1	0.037
7	2	P25	64	1	0.038
8	2	P25	64	1	0.039
1	2	P25	64	2	0.039
3	2	P25	64	2	0.04
5	2	P25	64	2	0.039
7	2	P25	64	2	0.039
8	2	P25	64	2	0.041
1	2	P25	256	1	0.039
3	2	P25	256	1	0.039
5	2	P25	256	1	0.056
7	2	P25	256	1	0.037
8	2	P25	256	1	0.039
1	2	P25	256	2	0.036
3	2	P25	256	2	0.037
5	2	P25	256	2	0.039
7	2	P25	256	2	0.04
8	2	P25	256	2	0.043
1	2	P26	0	1	0.693
3	2	P26	0	1	0.296
5	2	P26	0	1	0.256
7	2	P26	0	1	0.245
8	2	P26	0	1	0.237
1	2	P26	0	2	0.835
3	2	P26	0	2	0.322
5	2	P26	0	2	0.23
7	2	P26	0	2	0.282
8	2	P26	0	2	0.25
1	2	P26	16	1	0.79
3	2	P26	16	1	0.244
5	2	P26	16	1	0.231
7	2	P26	16	1	0.264
8	2	P26	16	1	0.238
1	2	P26	16	2	0.801
3	2	P26	16	2	0.272
5	2	P26	16	2	0.25
7	2	P26	16	2	0.348
8	2	P26	16	2	0.29
1	2	P26	64	1	0.702
3	2	P26	64	1	0.235
5	2	P26	64	1	0.31
7	2	P26	64	1	0.292
8	2	P26	64	1	0.267
1	2	P26	64	2	0.711
3	2	P26	64	2	0.277
5	2	P26	64	2	0.226
7	2	P26	64	2	0.219
8	2	P26	64	2	0.306
1	2	P26	256	1	0.808
3	2	P26	256	1	0.236
5	2	P26	256	1	0.298
7	2	P26	256	1	0.262
8	2	P26	256	1	0.279
1	2	P26	256	2	0.723
3	2	P26	256	2	0.269
5	2	P26	256	2	0.278
7	2	P26	256	2	0.281
8	2	P26	256	2	0.249
1	2	P27	0	1	0.376
3	2	P27	0	1	0.265
5	2	P27	0	1	0.289
7	2	P27	0	1	0.289
8	2	P27	0	1	0.278
1	2	P27	0	2	0.389
3	2	P27	0	2	0.307
5	2	P27	0	2	0.287
7	2	P27	0	2	0.259
8	2	P27	0	2	0.266
1	2	P27	16	1	0.364
3	2	P27	16	1	0.292
5	2	P27	16	1	0.285
7	2	P27	16	1	0.264
8	2	P27	16	1	0.286
1	2	P27	16	2	0.349
3	2	P27	16	2	0.262
5	2	P27	16	2	0.275
7	2	P27	16	2	0.278
8	2	P27	16	2	0.243
1	2	P27	64	1	0.33
3	2	P27	64	1	0.23
5	2	P27	64	1	0.272
7	2	P27	64	1	0.246
8	2	P27	64	1	0.246
1	2	P27	64	2	0.323
3	2	P27	64	2	0.227
5	2	P27	64	2	0.25
7	2	P27	64	2	0.249
8	2	P27	64	2	0.234
1	2	P27	256	1	0.306
3	2	P27	256	1	0.222
5	2	P27	256	1	0.258
7	2	P27	256	1	0.242
8	2	P27	256	1	0.252
1	2	P27	256	2	0.319
3	2	P27	256	2	0.236
5	2	P27	256	2	0.261
7	2	P27	256	2	0.236
8	2	P27	256	2	0.243
1	2	P28	0	1	0.358
3	2	P28	0	1	0.264
5	2	P28	0	1	0.262
7	2	P28	0	1	0.262
8	2	P28	0	1	0.236
1	2	P28	0	2	0.375
3	2	P28	0	2	0.243
5	2	P28	0	2	0.254
7	2	P28	0	2	0.246
8	2	P28	0	2	0.24
1	2	P28	16	1	0.355
3	2	P28	16	1	0.249
5	2	P28	16	1	0.26
7	2	P28	16	1	0.247
8	2	P28	16	1	0.236
1	2	P28	16	2	0.355
3	2	P28	16	2	0.235
5	2	P28	16	2	0.264
7	2	P28	16	2	0.253
8	2	P28	16	2	0.246
1	2	P28	64	1	0.345
3	2	P28	64	1	0.254
5	2	P28	64	1	0.253
7	2	P28	64	1	0.252
8	2	P28	64	1	0.247
1	2	P28	64	2	0.346
3	2	P28	64	2	0.241
5	2	P28	64	2	0.258
7	2	P28	64	2	0.247
8	2	P28	64	2	0.246
1	2	P28	256	1	0.347
3	2	P28	256	1	0.241
5	2	P28	256	1	0.27
7	2	P28	256	1	0.242
8	2	P28	256	1	0.238
1	2	P28	256	2	0.358
3	2	P28	256	2	0.24
5	2	P28	256	2	0.241
7	2	P28	256	2	0.242
8	2	P28	256	2	0.254
1	2	P29	0	1	0.95
3	2	P29	0	1	0.275
5	2	P29	0	1	0.293
7	2	P29	0	1	0.292
8	2	P29	0	1	0.279
1	2	P29	0	2	0.978
3	2	P29	0	2	0.307
5	2	P29	0	2	0.29
7	2	P29	0	2	0.28
8	2	P29	0	2	0.264
1	2	P29	16	1	0.875
3	2	P29	16	1	0.274
5	2	P29	16	1	0.296
7	2	P29	16	1	0.28
8	2	P29	16	1	0.276
1	2	P29	16	2	0.866
3	2	P29	16	2	0.267
5	2	P29	16	2	0.289
7	2	P29	16	2	0.286
8	2	P29	16	2	0.269
1	2	P29	64	1	0.949
3	2	P29	64	1	0.269
5	2	P29	64	1	0.285
7	2	P29	64	1	0.275
8	2	P29	64	1	0.265
1	2	P29	64	2	0.873
3	2	P29	64	2	0.269
5	2	P29	64	2	0.267
7	2	P29	64	2	0.285
8	2	P29	64	2	0.269
1	2	P29	256	1	0.745
3	2	P29	256	1	0.214
5	2	P29	256	1	0.236
7	2	P29	256	1	0.25
8	2	P29	256	1	0.271
1	2	P29	256	2	0.697
3	2	P29	256	2	0.244
5	2	P29	256	2	0.237
7	2	P29	256	2	0.251
8	2	P29	256	2	0.256
1	2	P30	0	1	0.584
3	2	P30	0	1	0.2
5	2	P30	0	1	0.226
7	2	P30	0	1	0.221
8	2	P30	0	1	0.214
1	2	P30	0	2	0.72
3	2	P30	0	2	0.293
5	2	P30	0	2	0.318
7	2	P30	0	2	0.31
8	2	P30	0	2	0.305
1	2	P30	16	1	0.668
3	2	P30	16	1	0.214
5	2	P30	16	1	0.225
7	2	P30	16	1	0.216
8	2	P30	16	1	0.215
1	2	P30	16	2	0.658
3	2	P30	16	2	0.203
5	2	P30	16	2	0.225
7	2	P30	16	2	0.219
8	2	P30	16	2	0.212
1	2	P30	64	1	0.627
3	2	P30	64	1	0.21
5	2	P30	64	1	0.217
7	2	P30	64	1	0.209
8	2	P30	64	1	0.207
1	2	P30	64	2	0.656
3	2	P30	64	2	0.208
5	2	P30	64	2	0.214
7	2	P30	64	2	0.205
8	2	P30	64	2	0.19
1	2	P30	256	1	0.459
3	2	P30	256	1	0.199
5	2	P30	256	1	0.214
7	2	P30	256	1	0.207
8	2	P30	256	1	0.21
1	2	P30	256	2	0.7
3	2	P30	256	2	0.207
5	2	P30	256	2	0.219
7	2	P30	256	2	0.206
8	2	P30	256	2	0.206
1	2	P31	0	1	0.831
3	2	P31	0	1	0.3
5	2	P31	0	1	0.31
7	2	P31	0	1	0.306
8	2	P31	0	1	0.313
1	2	P31	0	2	0.87
3	2	P31	0	2	0.291
5	2	P31	0	2	0.322
7	2	P31	0	2	0.274
8	2	P31	0	2	0.294
1	2	P31	16	1	0.263
3	2	P31	16	1	0.181
5	2	P31	16	1	0.265
7	2	P31	16	1	0.257
8	2	P31	16	1	0.27
1	2	P31	16	2	0.238
3	2	P31	16	2	0.149
5	2	P31	16	2	0.22
7	2	P31	16	2	0.268
8	2	P31	16	2	0.227
1	2	P31	64	1	0.236
3	2	P31	64	1	0.17
5	2	P31	64	1	0.188
7	2	P31	64	1	0.177
8	2	P31	64	1	0.176
1	2	P31	64	2	0.219
3	2	P31	64	2	0.162
5	2	P31	64	2	0.18
7	2	P31	64	2	0.169
8	2	P31	64	2	0.172
1	2	P31	256	1	0.228
3	2	P31	256	1	0.167
5	2	P31	256	1	0.173
7	2	P31	256	1	0.183
8	2	P31	256	1	0.178
1	2	P31	256	2	0.241
3	2	P31	256	2	0.164
5	2	P31	256	2	0.176
7	2	P31	256	2	0.179
8	2	P31	256	2	0.197
1	2	P32	0	1	0.772
3	2	P32	0	1	0.286
5	2	P32	0	1	0.259
7	2	P32	0	1	0.214
8	2	P32	0	1	0.253
1	2	P32	0	2	0.813
3	2	P32	0	2	0.266
5	2	P32	0	2	0.212
7	2	P32	0	2	0.246
8	2	P32	0	2	0.242
1	2	P32	16	1	0.737
3	2	P32	16	1	0.233
5	2	P32	16	1	0.221
7	2	P32	16	1	0.245
8	2	P32	16	1	0.242
1	2	P32	16	2	0.764
3	2	P32	16	2	0.239
5	2	P32	16	2	0.243
7	2	P32	16	2	0.291
8	2	P32	16	2	0.247
1	2	P32	64	1	0.722
3	2	P32	64	1	0.219
5	2	P32	64	1	0.276
7	2	P32	64	1	0.288
8	2	P32	64	1	0.239
1	2	P32	64	2	0.714
3	2	P32	64	2	0.324
5	2	P32	64	2	0.197
7	2	P32	64	2	0.205
8	2	P32	64	2	0.424
1	2	P32	256	1	0.672
3	2	P32	256	1	0.24
5	2	P32	256	1	0.236
7	2	P32	256	1	0.215
8	2	P32	256	1	0.243
1	2	P32	256	2	0.72
3	2	P32	256	2	0.231
5	2	P32	256	2	0.267
7	2	P32	256	2	0.273
8	2	P32	256	2	0.251
1	2	P33	0	1	0.373
3	2	P33	0	1	0.267
5	2	P33	0	1	0.282
7	2	P33	0	1	0.276
8	2	P33	0	1	0.267
1	2	P33	0	2	0.378
3	2	P33	0	2	0.311
5	2	P33	0	2	0.279
7	2	P33	0	2	0.268
8	2	P33	0	2	0.249
1	2	P33	16	1	0.36
3	2	P33	16	1	0.27
5	2	P33	16	1	0.292
7	2	P33	16	1	0.268
8	2	P33	16	1	0.279
1	2	P33	16	2	0.319
3	2	P33	16	2	0.267
5	2	P33	16	2	0.28
7	2	P33	16	2	0.28
8	2	P33	16	2	0.271
1	2	P33	64	1	0.339
3	2	P33	64	1	0.272
5	2	P33	64	1	0.279
7	2	P33	64	1	0.273
8	2	P33	64	1	0.245
1	2	P33	64	2	0.346
3	2	P33	64	2	0.259
5	2	P33	64	2	0.273
7	2	P33	64	2	0.285
8	2	P33	64	2	0.258
1	2	P33	256	1	0.318
3	2	P33	256	1	0.311
5	2	P33	256	1	0.276
7	2	P33	256	1	0.277
8	2	P33	256	1	0.281
1	2	P33	256	2	0.37
3	2	P33	256	2	0.265
5	2	P33	256	2	0.292
7	2	P33	256	2	0.278
8	2	P33	256	2	0.275
1	2	P34	0	1	0.378
3	2	P34	0	1	0.294
5	2	P34	0	1	0.282
7	2	P34	0	1	0.281
8	2	P34	0	1	0.265
1	2	P34	0	2	0.37
3	2	P34	0	2	0.269
5	2	P34	0	2	0.267
7	2	P34	0	2	0.271
8	2	P34	0	2	0.26
1	2	P34	16	1	0.358
3	2	P34	16	1	0.277
5	2	P34	16	1	0.278
7	2	P34	16	1	0.258
8	2	P34	16	1	0.271
1	2	P34	16	2	0.346
3	2	P34	16	2	0.273
5	2	P34	16	2	0.283
7	2	P34	16	2	0.288
8	2	P34	16	2	0.266
1	2	P34	64	1	0.345
3	2	P34	64	1	0.279
5	2	P34	64	1	0.266
7	2	P34	64	1	0.268
8	2	P34	64	1	0.27
1	2	P34	64	2	0.355
3	2	P34	64	2	0.258
5	2	P34	64	2	0.266
7	2	P34	64	2	0.273
8	2	P34	64	2	0.261
1	2	P34	256	1	0.347
3	2	P34	256	1	0.243
5	2	P34	256	1	0.268
7	2	P34	256	1	0.275
8	2	P34	256	1	0.275
1	2	P34	256	2	0.371
3	2	P34	256	2	0.266
5	2	P34	256	2	0.289
7	2	P34	256	2	0.28
8	2	P34	256	2	0.276
1	2	P35	0	1	0.915
3	2	P35	0	1	0.272
5	2	P35	0	1	0.286
7	2	P35	0	1	0.294
8	2	P35	0	1	0.27
1	2	P35	0	2	0.996
3	2	P35	0	2	0.309
5	2	P35	0	2	0.29
7	2	P35	0	2	0.283
8	2	P35	0	2	0.264
1	2	P35	16	1	0.89
3	2	P35	16	1	0.276
5	2	P35	16	1	0.297
7	2	P35	16	1	0.301
8	2	P35	16	1	0.275
1	2	P35	16	2	0.71
3	2	P35	16	2	0.268
5	2	P35	16	2	0.303
7	2	P35	16	2	0.286
8	2	P35	16	2	0.263
1	2	P35	64	1	0.9
3	2	P35	64	1	0.269
5	2	P35	64	1	0.286
7	2	P35	64	1	0.275
8	2	P35	64	1	0.256
1	2	P35	64	2	0.862
3	2	P35	64	2	0.275
5	2	P35	64	2	0.274
7	2	P35	64	2	0.287
8	2	P35	64	2	0.263
1	2	P35	256	1	0.731
3	2	P35	256	1	0.221
5	2	P35	256	1	0.229
7	2	P35	256	1	0.255
8	2	P35	256	1	0.27
1	2	P35	256	2	0.79
3	2	P35	256	2	0.23
5	2	P35	256	2	0.236
7	2	P35	256	2	0.252
8	2	P35	256	2	0.254
1	2	P36	0	1	0.586
3	2	P36	0	1	0.215
5	2	P36	0	1	0.241
7	2	P36	0	1	0.234
8	2	P36	0	1	0.216
1	2	P36	0	2	0.737
3	2	P36	0	2	0.287
5	2	P36	0	2	0.217
7	2	P36	0	2	0.233
8	2	P36	0	2	0.257
1	2	P36	16	1	0.689
3	2	P36	16	1	0.283
5	2	P36	16	1	0.286
7	2	P36	16	1	0.269
8	2	P36	16	1	0.281
1	2	P36	16	2	0.524
3	2	P36	16	2	0.271
5	2	P36	16	2	0.295
7	2	P36	16	2	0.287
8	2	P36	16	2	0.272
1	2	P36	64	1	0.662
3	2	P36	64	1	0.282
5	2	P36	64	1	0.292
7	2	P36	64	1	0.274
8	2	P36	64	1	0.243
1	2	P36	64	2	0.653
3	2	P36	64	2	0.273
5	2	P36	64	2	0.275
7	2	P36	64	2	0.242
8	2	P36	64	2	0.277
1	2	P36	256	1	0.57
3	2	P36	256	1	0.264
5	2	P36	256	1	0.289
7	2	P36	256	1	0.274
8	2	P36	256	1	0.271
1	2	P36	256	2	0.716
3	2	P36	256	2	0.274
5	2	P36	256	2	0.279
7	2	P36	256	2	0.267
8	2	P36	256	2	0.278
1	2	P37	0	1	0.693
3	2	P37	0	1	0.306
5	2	P37	0	1	0.333
7	2	P37	0	1	0.332
8	2	P37	0	1	0.33
1	2	P37	0	2	0.833
3	2	P37	0	2	0.311
5	2	P37	0	2	0.323
7	2	P37	0	2	0.319
8	2	P37	0	2	0.3
1	2	P37	16	1	0.618
3	2	P37	16	1	0.281
5	2	P37	16	1	0.305
7	2	P37	16	1	0.287
8	2	P37	16	1	0.284
1	2	P37	16	2	0.944
3	2	P37	16	2	0.28
5	2	P37	16	2	0.302
7	2	P37	16	2	0.3
8	2	P37	16	2	0.285
1	2	P37	64	1	0.844
3	2	P37	64	1	0.268
5	2	P37	64	1	0.296
7	2	P37	64	1	0.285
8	2	P37	64	1	0.268
1	2	P37	64	2	0.656
3	2	P37	64	2	0.27
5	2	P37	64	2	0.284
7	2	P37	64	2	0.276
8	2	P37	64	2	0.261
1	2	P37	256	1	0.598
3	2	P37	256	1	0.216
5	2	P37	256	1	0.258
7	2	P37	256	1	0.265
8	2	P37	256	1	0.261
1	2	P37	256	2	0.842
3	2	P37	256	2	0.227
5	2	P37	256	2	0.266
7	2	P37	256	2	0.269
8	2	P37	256	2	0.269
1	2	P38	0	1	0.861
3	2	P38	0	1	0.298
5	2	P38	0	1	0.322
7	2	P38	0	1	0.32
8	2	P38	0	1	0.312
1	2	P38	0	2	0.851
3	2	P38	0	2	0.304
5	2	P38	0	2	0.294
7	2	P38	0	2	0.302
8	2	P38	0	2	0.288
1	2	P38	16	1	0.711
3	2	P38	16	1	0.291
5	2	P38	16	1	0.322
7	2	P38	16	1	0.297
8	2	P38	16	1	0.312
1	2	P38	16	2	0.724
3	2	P38	16	2	0.298
5	2	P38	16	2	0.319
7	2	P38	16	2	0.314
8	2	P38	16	2	0.301
1	2	P38	64	1	0.643
3	2	P38	64	1	0.291
5	2	P38	64	1	0.307
7	2	P38	64	1	0.302
8	2	P38	64	1	0.293
1	2	P38	64	2	0.858
3	2	P38	64	2	0.275
5	2	P38	64	2	0.272
7	2	P38	64	2	0.273
8	2	P38	64	2	0.239
1	2	P38	256	1	0.815
3	2	P38	256	1	0.242
5	2	P38	256	1	0.291
7	2	P38	256	1	0.292
8	2	P38	256	1	0.298
1	2	P38	256	2	0.808
3	2	P38	256	2	0.263
5	2	P38	256	2	0.292
7	2	P38	256	2	0.294
8	2	P38	256	2	0.295
1	2	P39	0	1	0.932
3	2	P39	0	1	0.308
5	2	P39	0	1	0.34
7	2	P39	0	1	0.327
8	2	P39	0	1	0.33
1	2	P39	0	2	0.911
3	2	P39	0	2	0.355
5	2	P39	0	2	0.345
7	2	P39	0	2	0.326
8	2	P39	0	2	0.311
1	2	P39	16	1	0.865
3	2	P39	16	1	0.333
5	2	P39	16	1	0.343
7	2	P39	16	1	0.334
8	2	P39	16	1	0.324
1	2	P39	16	2	0.848
3	2	P39	16	2	0.313
5	2	P39	16	2	0.339
7	2	P39	16	2	0.338
8	2	P39	16	2	0.322
1	2	P39	64	1	0.793
3	2	P39	64	1	0.267
5	2	P39	64	1	0.286
7	2	P39	64	1	0.275
8	2	P39	64	1	0.259
1	2	P39	64	2	0.867
3	2	P39	64	2	0.262
5	2	P39	64	2	0.275
7	2	P39	64	2	0.286
8	2	P39	64	2	0.287
1	2	P39	256	1	0.818
3	2	P39	256	1	0.227
5	2	P39	256	1	0.242
7	2	P39	256	1	0.258
8	2	P39	256	1	0.281
1	2	P39	256	2	0.863
3	2	P39	256	2	0.231
5	2	P39	256	2	0.256
7	2	P39	256	2	0.259
8	2	P39	256	2	0.248
1	2	P40	0	1	0.834
3	2	P40	0	1	0.289
5	2	P40	0	1	0.317
7	2	P40	0	1	0.322
8	2	P40	0	1	0.307
1	2	P40	0	2	0.851
3	2	P40	0	2	0.321
5	2	P40	0	2	0.334
7	2	P40	0	2	0.324
8	2	P40	0	2	0.307
1	2	P40	16	1	0.833
3	2	P40	16	1	0.319
5	2	P40	16	1	0.337
7	2	P40	16	1	0.325
8	2	P40	16	1	0.316
1	2	P40	16	2	0.735
3	2	P40	16	2	0.311
5	2	P40	16	2	0.328
7	2	P40	16	2	0.321
8	2	P40	16	2	0.316
1	2	P40	64	1	0.802
3	2	P40	64	1	0.311
5	2	P40	64	1	0.325
7	2	P40	64	1	0.314
8	2	P40	64	1	0.307
1	2	P40	64	2	0.757
3	2	P40	64	2	0.304
5	2	P40	64	2	0.319
7	2	P40	64	2	0.313
8	2	P40	64	2	0.301
1	2	P40	256	1	0.723
3	2	P40	256	1	0.229
5	2	P40	256	1	0.282
7	2	P40	256	1	0.293
8	2	P40	256	1	0.298
1	2	P40	256	2	0.795
3	2	P40	256	2	0.257
5	2	P40	256	2	0.29
7	2	P40	256	2	0.296
8	2	P40	256	2	0.29
1	2	P41	0	1	0.6
3	2	P41	0	1	0.293
5	2	P41	0	1	0.343
7	2	P41	0	1	0.345
8	2	P41	0	1	0.332
1	2	P41	0	2	0.878
3	2	P41	0	2	0.328
5	2	P41	0	2	0.338
7	2	P41	0	2	0.338
8	2	P41	0	2	0.326
1	2	P41	16	1	0.671
3	2	P41	16	1	0.201
5	2	P41	16	1	0.295
7	2	P41	16	1	0.306
8	2	P41	16	1	0.326
1	2	P41	16	2	0.687
3	2	P41	16	2	0.216
5	2	P41	16	2	0.232
7	2	P41	16	2	0.228
8	2	P41	16	2	0.224
1	2	P41	64	1	0.666
3	2	P41	64	1	0.202
5	2	P41	64	1	0.227
7	2	P41	64	1	0.222
8	2	P41	64	1	0.214
1	2	P41	64	2	0.652
3	2	P41	64	2	0.222
5	2	P41	64	2	0.226
7	2	P41	64	2	0.216
8	2	P41	64	2	0.215
1	2	P41	256	1	0.644
3	2	P41	256	1	0.221
5	2	P41	256	1	0.224
7	2	P41	256	1	0.216
8	2	P41	256	1	0.217
1	2	P41	256	2	0.72
3	2	P41	256	2	0.214
5	2	P41	256	2	0.225
7	2	P41	256	2	0.214
8	2	P41	256	2	0.24
1	2	P42	0	1	1.031
3	2	P42	0	1	0.271
5	2	P42	0	1	0.307
7	2	P42	0	1	0.31
8	2	P42	0	1	0.312
1	2	P42	0	2	0.663
3	2	P42	0	2	0.256
5	2	P42	0	2	0.302
7	2	P42	0	2	0.29
8	2	P42	0	2	0.284
1	2	P42	16	1	0.586
3	2	P42	16	1	0.264
5	2	P42	16	1	0.302
7	2	P42	16	1	0.271
8	2	P42	16	1	0.288
1	2	P42	16	2	0.634
3	2	P42	16	2	0.276
5	2	P42	16	2	0.296
7	2	P42	16	2	0.296
8	2	P42	16	2	0.283
1	2	P42	64	1	0.706
3	2	P42	64	1	0.268
5	2	P42	64	1	0.318
7	2	P42	64	1	0.293
8	2	P42	64	1	0.282
1	2	P42	64	2	0.735
3	2	P42	64	2	0.272
5	2	P42	64	2	0.265
7	2	P42	64	2	0.296
8	2	P42	64	2	0.285
1	2	P42	256	1	0.724
3	2	P42	256	1	0.261
5	2	P42	256	1	0.296
7	2	P42	256	1	0.285
8	2	P42	256	1	0.3
1	2	P42	256	2	0.669
3	2	P42	256	2	0.264
5	2	P42	256	2	0.257
7	2	P42	256	2	0.286
8	2	P42	256	2	0.263
1	2	P43	0	1	0.715
3	2	P43	0	1	0.315
5	2	P43	0	1	0.368
7	2	P43	0	1	0.359
8	2	P43	0	1	0.358
1	2	P43	0	2	0.74
3	2	P43	0	2	0.373
5	2	P43	0	2	0.369
7	2	P43	0	2	0.356
8	2	P43	0	2	0.34
1	2	P43	16	1	0.697
3	2	P43	16	1	0.231
5	2	P43	16	1	0.257
7	2	P43	16	1	0.26
8	2	P43	16	1	0.264
1	2	P43	16	2	0.661
3	2	P43	16	2	0.241
5	2	P43	16	2	0.263
7	2	P43	16	2	0.27
8	2	P43	16	2	0.267
1	2	P43	64	1	0.65
3	2	P43	64	1	0.236
5	2	P43	64	1	0.264
7	2	P43	64	1	0.26
8	2	P43	64	1	0.249
1	2	P43	64	2	0.674
3	2	P43	64	2	0.237
5	2	P43	64	2	0.256
7	2	P43	64	2	0.271
8	2	P43	64	2	0.25
1	2	P43	256	1	0.644
3	2	P43	256	1	0.201
5	2	P43	256	1	0.219
7	2	P43	256	1	0.208
8	2	P43	256	1	0.222
1	2	P43	256	2	0.718
3	2	P43	256	2	0.207
5	2	P43	256	2	0.214
7	2	P43	256	2	0.21
8	2	P43	256	2	0.209
1	2	P44	0	1	0.577
3	2	P44	0	1	0.221
5	2	P44	0	1	0.342
7	2	P44	0	1	0.359
8	2	P44	0	1	0.341
1	2	P44	0	2	0.674
3	2	P44	0	2	0.284
5	2	P44	0	2	0.337
7	2	P44	0	2	0.343
8	2	P44	0	2	0.332
1	2	P44	16	1	0.646
3	2	P44	16	1	0.246
5	2	P44	16	1	0.271
7	2	P44	16	1	0.255
8	2	P44	16	1	0.258
1	2	P44	16	2	0.631
3	2	P44	16	2	0.23
5	2	P44	16	2	0.264
7	2	P44	16	2	0.267
8	2	P44	16	2	0.252
1	2	P44	64	1	0.578
3	2	P44	64	1	0.244
5	2	P44	64	1	0.26
7	2	P44	64	1	0.246
8	2	P44	64	1	0.242
1	2	P44	64	2	0.594
3	2	P44	64	2	0.234
5	2	P44	64	2	0.245
7	2	P44	64	2	0.263
8	2	P44	64	2	0.248
1	2	P44	256	1	0.638
3	2	P44	256	1	0.222
5	2	P44	256	1	0.255
7	2	P44	256	1	0.247
8	2	P44	256	1	0.259
1	2	P44	256	2	0.668
3	2	P44	256	2	0.238
5	2	P44	256	2	0.261
7	2	P44	256	2	0.188
8	2	P44	256	2	0.211
1	2	P45	0	1	0.952
3	2	P45	0	1	0.347
5	2	P45	0	1	0.354
7	2	P45	0	1	0.364
8	2	P45	0	1	0.363
1	2	P45	0	2	0.929
3	2	P45	0	2	0.352
5	2	P45	0	2	0.361
7	2	P45	0	2	0.356
8	2	P45	0	2	0.366
1	2	P45	16	1	0.611
3	2	P45	16	1	0.273
5	2	P45	16	1	0.276
7	2	P45	16	1	0.302
8	2	P45	16	1	0.335
1	2	P45	16	2	0.688
3	2	P45	16	2	0.271
5	2	P45	16	2	0.28
7	2	P45	16	2	0.327
8	2	P45	16	2	0.335
1	2	P45	64	1	0.33
3	2	P45	64	1	0.248
5	2	P45	64	1	0.272
7	2	P45	64	1	0.286
8	2	P45	64	1	0.288
1	2	P45	64	2	0.332
3	2	P45	64	2	0.253
5	2	P45	64	2	0.252
7	2	P45	64	2	0.253
8	2	P45	64	2	0.243
1	2	P45	256	1	0.309
3	2	P45	256	1	0.234
5	2	P45	256	1	0.259
7	2	P45	256	1	0.245
8	2	P45	256	1	0.253
1	2	P45	256	2	0.32
3	2	P45	256	2	0.203
5	2	P45	256	2	0.248
7	2	P45	256	2	0.242
8	2	P45	256	2	0.282
1	2	P46	0	1	0.872
3	2	P46	0	1	0.313
5	2	P46	0	1	0.345
7	2	P46	0	1	0.332
8	2	P46	0	1	0.344
1	2	P46	0	2	0.906
3	2	P46	0	2	0.319
5	2	P46	0	2	0.317
7	2	P46	0	2	0.326
8	2	P46	0	2	0.316
1	2	P46	16	1	0.852
3	2	P46	16	1	0.323
5	2	P46	16	1	0.33
7	2	P46	16	1	0.321
8	2	P46	16	1	0.323
1	2	P46	16	2	0.798
3	2	P46	16	2	0.325
5	2	P46	16	2	0.327
7	2	P46	16	2	0.335
8	2	P46	16	2	0.328
1	2	P46	64	1	0.705
3	2	P46	64	1	0.319
5	2	P46	64	1	0.328
7	2	P46	64	1	0.326
8	2	P46	64	1	0.317
1	2	P46	64	2	0.69
3	2	P46	64	2	0.308
5	2	P46	64	2	0.317
7	2	P46	64	2	0.327
8	2	P46	64	2	0.294
1	2	P46	256	1	0.687
3	2	P46	256	1	0.293
5	2	P46	256	1	0.332
7	2	P46	256	1	0.316
8	2	P46	256	1	0.324
1	2	P46	256	2	0.654
3	2	P46	256	2	0.303
5	2	P46	256	2	0.31
7	2	P46	256	2	0.315
8	2	P46	256	2	0.325
1	2	P47	0	1	0.926
3	2	P47	0	1	0.335
5	2	P47	0	1	0.341
7	2	P47	0	1	0.359
8	2	P47	0	1	0.342
1	2	P47	0	2	0.974
3	2	P47	0	2	0.347
5	2	P47	0	2	0.355
7	2	P47	0	2	0.35
8	2	P47	0	2	0.35
1	2	P47	16	1	0.315
3	2	P47	16	1	0.255
5	2	P47	16	1	0.309
7	2	P47	16	1	0.311
8	2	P47	16	1	0.334
1	2	P47	16	2	0.343
3	2	P47	16	2	0.266
5	2	P47	16	2	0.314
7	2	P47	16	2	0.3
8	2	P47	16	2	0.313
1	2	P47	64	1	0.316
3	2	P47	64	1	0.254
5	2	P47	64	1	0.262
7	2	P47	64	1	0.257
8	2	P47	64	1	0.238
1	2	P47	64	2	0.295
3	2	P47	64	2	0.238
5	2	P47	64	2	0.264
7	2	P47	64	2	0.254
8	2	P47	64	2	0.246
1	2	P47	256	1	0.329
3	2	P47	256	1	0.242
5	2	P47	256	1	0.278
7	2	P47	256	1	0.247
8	2	P47	256	1	0.246
1	2	P47	256	2	0.299
3	2	P47	256	2	0.242
5	2	P47	256	2	0.25
7	2	P47	256	2	0.243
8	2	P47	256	2	0.275
1	2	P48	0	1	0.928
3	2	P48	0	1	0.3
5	2	P48	0	1	0.344
7	2	P48	0	1	0.324
8	2	P48	0	1	0.333
1	2	P48	0	2	0.975
3	2	P48	0	2	0.327
5	2	P48	0	2	0.328
7	2	P48	0	2	0.322
8	2	P48	0	2	0.32
1	2	P48	16	1	0.671
3	2	P48	16	1	0.313
5	2	P48	16	1	0.33
7	2	P48	16	1	0.314
8	2	P48	16	1	0.318
1	2	P48	16	2	0.831
3	2	P48	16	2	0.302
5	2	P48	16	2	0.326
7	2	P48	16	2	0.333
8	2	P48	16	2	0.334
1	2	P48	64	1	0.763
3	2	P48	64	1	0.322
5	2	P48	64	1	0.329
7	2	P48	64	1	0.321
8	2	P48	64	1	0.335
1	2	P48	64	2	0.728
3	2	P48	64	2	0.311
5	2	P48	64	2	0.307
7	2	P48	64	2	0.305
8	2	P48	64	2	0.295
1	2	P48	256	1	0.505
3	2	P48	256	1	0.291
5	2	P48	256	1	0.323
7	2	P48	256	1	0.307
8	2	P48	256	1	0.324
1	2	P48	256	2	0.882
3	2	P48	256	2	0.291
5	2	P48	256	2	0.313
7	2	P48	256	2	0.308
8	2	P48	256	2	0.292
1	3	T01	0	1	0.676
3	3	T01	0	1	0.323
5	3	T01	0	1	0.348
7	3	T01	0	1	0.337
8	3	T01	0	1	0.335
1	3	T01	0	2	0.671
3	3	T01	0	2	0.328
5	3	T01	0	2	0.352
7	3	T01	0	2	0.328
8	3	T01	0	2	0.332
1	3	T02	0	1	0.858
3	3	T02	0	1	0.302
5	3	T02	0	1	0.329
7	3	T02	0	1	0.317
8	3	T02	0	1	0.259
1	3	T02	0	2	0.752
3	3	T02	0	2	0.292
5	3	T02	0	2	0.324
7	3	T02	0	2	0.313
8	3	T02	0	2	0.32
1	3	T03	0	1	0.776
3	3	T03	0	1	0.3
5	3	T03	0	1	0.322
7	3	T03	0	1	0.323
8	3	T03	0	1	0.302
1	3	T03	0	2	0.764
3	3	T03	0	2	0.299
5	3	T03	0	2	0.318
7	3	T03	0	2	0.312
8	3	T03	0	2	0.313
1	3	T04	0	1	0.806
3	3	T04	0	1	0.252
5	3	T04	0	1	0.268
7	3	T04	0	1	0.266
8	3	T04	0	1	0.271
1	3	T04	0	2	0.561
3	3	T04	0	2	0.283
5	3	T04	0	2	0.289
7	3	T04	0	2	0.322
8	3	T04	0	2	0.336
1	3	T05	0	1	0.837
3	3	T05	0	1	0.286
5	3	T05	0	1	0.331
7	3	T05	0	1	0.303
8	3	T05	0	1	0.292
1	3	T05	0	2	0.872
3	3	T05	0	2	0.273
5	3	T05	0	2	0.33
7	3	T05	0	2	0.336
8	3	T05	0	2	0.322
1	3	T06	0	1	0.788
3	3	T06	0	1	0.317
5	3	T06	0	1	0.319
7	3	T06	0	1	0.322
8	3	T06	0	1	0.325
1	3	T06	0	2	0.874
3	3	T06	0	2	0.306
5	3	T06	0	2	0.326
7	3	T06	0	2	0.328
8	3	T06	0	2	0.328
1	3	T07	0	1	0.53
3	3	T07	0	1	0.261
5	3	T07	0	1	0.322
7	3	T07	0	1	0.339
8	3	T07	0	1	0.321
1	3	T07	0	2	0.581
3	3	T07	0	2	0.26
5	3	T07	0	2	0.303
7	3	T07	0	2	0.329
8	3	T07	0	2	0.347
1	3	T08	0	1	0.656
3	3	T08	0	1	0.302
5	3	T08	0	1	0.346
7	3	T08	0	1	0.349
8	3	T08	0	1	0.337
1	3	T08	0	2	0.669
3	3	T08	0	2	0.324
5	3	T08	0	2	0.347
7	3	T08	0	2	0.366
8	3	T08	0	2	0.352
1	3	T09	0	1	0.782
3	3	T09	0	1	0.288
5	3	T09	0	1	0.344
7	3	T09	0	1	0.335
8	3	T09	0	1	0.319
1	3	T09	0	2	0.645
3	3	T09	0	2	0.31
5	3	T09	0	2	0.35
7	3	T09	0	2	0.353
8	3	T09	0	2	0.335
1	3	T10	0	1	0.629
3	3	T10	0	1	0.28
5	3	T10	0	1	0.246
7	3	T10	0	1	0.289
8	3	T10	0	1	0.306
1	3	T10	0	2	0.719
3	3	T10	0	2	0.265
5	3	T10	0	2	0.251
7	3	T10	0	2	0.297
8	3	T10	0	2	0.332
1	3	T11	0	1	0.648
3	3	T11	0	1	0.3
5	3	T11	0	1	0.341
7	3	T11	0	1	0.344
8	3	T11	0	1	0.334
1	3	T11	0	2	0.654
3	3	T11	0	2	0.305
5	3	T11	0	2	0.345
7	3	T11	0	2	0.352
8	3	T11	0	2	0.331
1	3	T12	0	1	0.671
3	3	T12	0	1	0.284
5	3	T12	0	1	0.331
7	3	T12	0	1	0.347
8	3	T12	0	1	0.329
1	3	T12	0	2	0.496
3	3	T12	0	2	0.314
5	3	T12	0	2	0.335
7	3	T12	0	2	0.338
8	3	T12	0	2	0.33
1	3	T13	0	1	0.844
3	3	T13	0	1	0.299
5	3	T13	0	1	0.322
7	3	T13	0	1	0.319
8	3	T13	0	1	0.299
1	3	T13	0	2	0.652
3	3	T13	0	2	0.297
5	3	T13	0	2	0.313
7	3	T13	0	2	0.308
8	3	T13	0	2	0.304
1	3	T14	0	1	0.862
3	3	T14	0	1	0.272
5	3	T14	0	1	0.31
7	3	T14	0	1	0.327
8	3	T14	0	1	0.296
1	3	T14	0	2	0.729
3	3	T14	0	2	0.268
5	3	T14	0	2	0.296
7	3	T14	0	2	0.309
8	3	T14	0	2	0.305
1	3	T15	0	1	0.813
3	3	T15	0	1	0.286
5	3	T15	0	1	0.314
7	3	T15	0	1	0.328
8	3	T15	0	1	0.297
1	3	T15	0	2	0.716
3	3	T15	0	2	0.295
5	3	T15	0	2	0.313
7	3	T15	0	2	0.317
8	3	T15	0	2	0.297
1	3	T16	0	1	0.786
3	3	T16	0	1	0.309
5	3	T16	0	1	0.32
7	3	T16	0	1	0.312
8	3	T16	0	1	0.313
1	3	T16	0	2	0.687
3	3	T16	0	2	0.314
5	3	T16	0	2	0.338
7	3	T16	0	2	0.329
8	3	T16	0	2	0.326
1	3	T17	0	1	0.783
3	3	T17	0	1	0.278
5	3	T17	0	1	0.298
7	3	T17	0	1	0.31
8	3	T17	0	1	0.302
1	3	T17	0	2	0.682
3	3	T17	0	2	0.284
5	3	T17	0	2	0.301
7	3	T17	0	2	0.312
8	3	T17	0	2	0.305
1	3	T18	0	1	0.722
3	3	T18	0	1	0.32
5	3	T18	0	1	0.322
7	3	T18	0	1	0.322
8	3	T18	0	1	0.315
1	3	T18	0	2	0.594
3	3	T18	0	2	0.322
5	3	T18	0	2	0.343
7	3	T18	0	2	0.34
8	3	T18	0	2	0.332
1	3	T19	0	1	0.657
3	3	T19	0	1	0.307
5	3	T19	0	1	0.336
7	3	T19	0	1	0.352
8	3	T19	0	1	0.331
1	3	T19	0	2	0.59
3	3	T19	0	2	0.311
5	3	T19	0	2	0.341
7	3	T19	0	2	0.346
8	3	T19	0	2	0.341
1	3	T20	0	1	0.654
3	3	T20	0	1	0.301
5	3	T20	0	1	0.339
7	3	T20	0	1	0.345
8	3	T20	0	1	0.337
1	3	T20	0	2	0.586
3	3	T20	0	2	0.307
5	3	T20	0	2	0.33
7	3	T20	0	2	0.348
8	3	T20	0	2	0.333
1	3	T21	0	1	0.657
3	3	T21	0	1	0.3
5	3	T21	0	1	0.342
7	3	T21	0	1	0.356
8	3	T21	0	1	0.32
1	3	T21	0	2	0.638
3	3	T21	0	2	0.316
5	3	T21	0	2	0.345
7	3	T21	0	2	0.352
8	3	T21	0	2	0.354
1	3	T22	0	1	0.605
3	3	T22	0	1	0.264
5	3	T22	0	1	0.233
7	3	T22	0	1	0.285
8	3	T22	0	1	0.283
1	3	T22	0	2	0.654
3	3	T22	0	2	0.259
5	3	T22	0	2	0.236
7	3	T22	0	2	0.292
8	3	T22	0	2	0.305
1	3	T23	0	1	0.63
3	3	T23	0	1	0.294
5	3	T23	0	1	0.328
7	3	T23	0	1	0.35
8	3	T23	0	1	0.329
1	3	T23	0	2	0.643
3	3	T23	0	2	0.311
5	3	T23	0	2	0.335
7	3	T23	0	2	0.354
8	3	T23	0	2	0.337
1	3	T24	0	1	0.618
3	3	T24	0	1	0.299
5	3	T24	0	1	0.331
7	3	T24	0	1	0.348
8	3	T24	0	1	0.324
1	3	T24	0	2	0.591
3	3	T24	0	2	0.298
5	3	T24	0	2	0.332
7	3	T24	0	2	0.34
8	3	T24	0	2	0.331
1	3	T25	0	1	0.778
3	3	T25	0	1	0.286
5	3	T25	0	1	0.297
7	3	T25	0	1	0.297
8	3	T25	0	1	0.271
1	3	T25	0	2	0.769
3	3	T25	0	2	0.28
5	3	T25	0	2	0.294
7	3	T25	0	2	0.291
8	3	T25	0	2	0.278
1	3	T26	0	1	0.766
3	3	T26	0	1	0.283
5	3	T26	0	1	0.292
7	3	T26	0	1	0.313
8	3	T26	0	1	0.273
1	3	T26	0	2	0.754
3	3	T26	0	2	0.293
5	3	T26	0	2	0.312
7	3	T26	0	2	0.313
8	3	T26	0	2	0.317
1	3	T27	0	1	0.828
3	3	T27	0	1	0.286
5	3	T27	0	1	0.304
7	3	T27	0	1	0.313
8	3	T27	0	1	0.283
1	3	T27	0	2	0.839
3	3	T27	0	2	0.266
5	3	T27	0	2	0.283
7	3	T27	0	2	0.297
8	3	T27	0	2	0.275
1	3	T28	0	1	0.747
3	3	T28	0	1	0.272
5	3	T28	0	1	0.272
7	3	T28	0	1	0.256
8	3	T28	0	1	0.249
1	3	T28	0	2	0.63
3	3	T28	0	2	0.289
5	3	T28	0	2	0.301
7	3	T28	0	2	0.3
8	3	T28	0	2	0.3
1	3	T29	0	1	0.805
3	3	T29	0	1	0.284
5	3	T29	0	1	0.307
7	3	T29	0	1	0.305
8	3	T29	0	1	0.317
1	3	T29	0	2	0.862
3	3	T29	0	2	0.275
5	3	T29	0	2	0.305
7	3	T29	0	2	0.326
8	3	T29	0	2	0.311
1	3	T30	0	1	0.772
3	3	T30	0	1	0.297
5	3	T30	0	1	0.305
7	3	T30	0	1	0.304
8	3	T30	0	1	0.304
1	3	T30	0	2	0.946
3	3	T30	0	2	0.277
5	3	T30	0	2	0.304
7	3	T30	0	2	0.312
8	3	T30	0	2	0.309
1	3	T31	0	1	0.736
3	3	T31	0	1	0.29
5	3	T31	0	1	0.313
7	3	T31	0	1	0.316
8	3	T31	0	1	0.269
1	3	T31	0	2	0.681
3	3	T31	0	2	0.312
5	3	T31	0	2	0.336
7	3	T31	0	2	0.346
8	3	T31	0	2	0.345
1	3	T32	0	1	0.632
3	3	T32	0	1	0.282
5	3	T32	0	1	0.328
7	3	T32	0	1	0.33
8	3	T32	0	1	0.311
1	3	T32	0	2	0.607
3	3	T32	0	2	0.305
5	3	T32	0	2	0.327
7	3	T32	0	2	0.351
8	3	T32	0	2	0.322
1	3	T33	0	1	0.76
3	3	T33	0	1	0.3
5	3	T33	0	1	0.319
7	3	T33	0	1	0.32
8	3	T33	0	1	0.294
1	3	T33	0	2	0.773
3	3	T33	0	2	0.3
5	3	T33	0	2	0.314
7	3	T33	0	2	0.321
8	3	T33	0	2	0.31
1	3	T34	0	1	0.505
3	3	T34	0	1	0.251
5	3	T34	0	1	0.242
7	3	T34	0	1	0.277
8	3	T34	0	1	0.32
1	3	T34	0	2	0.661
3	3	T34	0	2	0.264
5	3	T34	0	2	0.303
7	3	T34	0	2	0.318
8	3	T34	0	2	0.311
1	3	T35	0	1	0.616
3	3	T35	0	1	0.271
5	3	T35	0	1	0.298
7	3	T35	0	1	0.316
8	3	T35	0	1	0.3
1	3	T35	0	2	0.663
3	3	T35	0	2	0.285
5	3	T35	0	2	0.313
7	3	T35	0	2	0.32
8	3	T35	0	2	0.313
1	3	T36	0	1	1.54
3	3	T36	0	1	0.294
5	3	T36	0	1	0.318
7	3	T36	0	1	0.314
8	3	T36	0	1	0.291
1	3	T36	0	2	1.226
3	3	T36	0	2	0.263
5	3	T36	0	2	0.3
7	3	T36	0	2	0.317
8	3	T36	0	2	0.309
1	3	T37	0	1	0.82
3	3	T37	0	1	0.274
5	3	T37	0	1	0.292
7	3	T37	0	1	0.298
8	3	T37	0	1	0.268
1	3	T37	0	2	0.815
3	3	T37	0	2	0.274
5	3	T37	0	2	0.291
7	3	T37	0	2	0.294
8	3	T37	0	2	0.28
1	3	T38	0	1	0.812
3	3	T38	0	1	0.284
5	3	T38	0	1	0.291
7	3	T38	0	1	0.312
8	3	T38	0	1	0.274
1	3	T38	0	2	0.79
3	3	T38	0	2	0.281
5	3	T38	0	2	0.294
7	3	T38	0	2	0.307
8	3	T38	0	2	0.297
1	3	T39	0	1	0.707
3	3	T39	0	1	0.279
5	3	T39	0	1	0.297
7	3	T39	0	1	0.305
8	3	T39	0	1	0.278
1	3	T39	0	2	0.773
3	3	T39	0	2	0.275
5	3	T39	0	2	0.29
7	3	T39	0	2	0.304
8	3	T39	0	2	0.306
1	3	T40	0	1	0.719
3	3	T40	0	1	0.277
5	3	T40	0	1	0.29
7	3	T40	0	1	0.296
8	3	T40	0	1	0.285
1	3	T40	0	2	0.763
3	3	T40	0	2	0.267
5	3	T40	0	2	0.279
7	3	T40	0	2	0.281
8	3	T40	0	2	0.263
1	3	T41	0	1	0.803
3	3	T41	0	1	0.287
5	3	T41	0	1	0.291
7	3	T41	0	1	0.294
8	3	T41	0	1	0.276
1	3	T41	0	2	0.818
3	3	T41	0	2	0.252
5	3	T41	0	2	0.241
7	3	T41	0	2	0.26
8	3	T41	0	2	0.257
1	3	T42	0	1	0.798
3	3	T42	0	1	0.288
5	3	T42	0	1	0.289
7	3	T42	0	1	0.298
8	3	T42	0	1	0.278
1	3	T42	0	2	0.966
3	3	T42	0	2	0.283
5	3	T42	0	2	0.297
7	3	T42	0	2	0.311
8	3	T42	0	2	0.285
1	3	T43	0	1	0.719
3	3	T43	0	1	0.271
5	3	T43	0	1	0.292
7	3	T43	0	1	0.307
8	3	T43	0	1	0.32
1	3	T43	0	2	0.696
3	3	T43	0	2	0.257
5	3	T43	0	2	0.273
7	3	T43	0	2	0.303
8	3	T43	0	2	0.305
1	3	T44	0	1	0.583
3	3	T44	0	1	0.257
5	3	T44	0	1	0.306
7	3	T44	0	1	0.321
8	3	T44	0	1	0.306
1	3	T44	0	2	0.642
3	3	T44	0	2	0.272
5	3	T44	0	2	0.31
7	3	T44	0	2	0.32
8	3	T44	0	2	0.314
1	3	T45	0	1	0.971
3	3	T45	0	1	0.284
5	3	T45	0	1	0.314
7	3	T45	0	1	0.323
8	3	T45	0	1	0.301
1	3	T45	0	2	0.6
3	3	T45	0	2	0.309
5	3	T45	0	2	0.334
7	3	T45	0	2	0.361
8	3	T45	0	2	0.345
1	3	T46	0	1	0.622
3	3	T46	0	1	0.22
5	3	T46	0	1	0.266
7	3	T46	0	1	0.285
8	3	T46	0	1	0.325
1	3	T46	0	2	0.566
3	3	T46	0	2	0.233
5	3	T46	0	2	0.256
7	3	T46	0	2	0.319
8	3	T46	0	2	0.319
1	3	T47	0	1	0.626
3	3	T47	0	1	0.243
5	3	T47	0	1	0.293
7	3	T47	0	1	0.323
8	3	T47	0	1	0.292
1	3	T47	0	2	0.646
3	3	T47	0	2	0.268
5	3	T47	0	2	0.303
7	3	T47	0	2	0.308
8	3	T47	0	2	0.32
1	3	T48	0	1	0.917
3	3	T48	0	1	0.219
5	3	T48	0	1	0.26
7	3	T48	0	1	0.286
8	3	T48	0	1	0.279
1	3	T48	0	2	0.788
3	3	T48	0	2	0.275
5	3	T48	0	2	0.274
7	3	T48	0	2	0.273
8	3	T48	0	2	0.299
1	3	T49	0	1	0.736
3	3	T49	0	1	0.323
5	3	T49	0	1	0.354
7	3	T49	0	1	0.345
8	3	T49	0	1	0.337
1	3	T49	0	2	0.909
3	3	T49	0	2	0.3
5	3	T49	0	2	0.342
7	3	T49	0	2	0.352
8	3	T49	0	2	0.334
1	3	T50	0	1	0.557
3	3	T50	0	1	0.32
5	3	T50	0	1	0.327
7	3	T50	0	1	0.325
8	3	T50	0	1	0.321
1	3	T50	0	2	0.731
3	3	T50	0	2	0.3
5	3	T50	0	2	0.338
7	3	T50	0	2	0.33
8	3	T50	0	2	0.317
1	3	T51	0	1	0.767
3	3	T51	0	1	0.323
5	3	T51	0	1	0.33
7	3	T51	0	1	0.35
8	3	T51	0	1	0.331
1	3	T51	0	2	0.596
3	3	T51	0	2	0.33
5	3	T51	0	2	0.337
7	3	T51	0	2	0.322
8	3	T51	0	2	0.342
1	3	T52	0	1	0.954
3	3	T52	0	1	0.321
5	3	T52	0	1	0.349
7	3	T52	0	1	0.346
8	3	T52	0	1	0.339
1	3	T52	0	2	0.858
3	3	T52	0	2	0.308
5	3	T52	0	2	0.342
7	3	T52	0	2	0.343
8	3	T52	0	2	0.346
1	3	T53	0	1	0.798
3	3	T53	0	1	0.331
5	3	T53	0	1	0.335
7	3	T53	0	1	0.338
8	3	T53	0	1	0.338
1	3	T53	0	2	0.864
3	3	T53	0	2	0.311
5	3	T53	0	2	0.343
7	3	T53	0	2	0.345
8	3	T53	0	2	0.342
1	3	T54	0	1	0.818
3	3	T54	0	1	0.314
5	3	T54	0	1	0.343
7	3	T54	0	1	0.342
8	3	T54	0	1	0.34
1	3	T54	0	2	0.821
3	3	T54	0	2	0.334
5	3	T54	0	2	0.339
7	3	T54	0	2	0.354
8	3	T54	0	2	0.348
1	3	T55	0	1	0.714
3	3	T55	0	1	0.316
5	3	T55	0	1	0.349
7	3	T55	0	1	0.348
8	3	T55	0	1	0.339
1	3	T55	0	2	0.785
3	3	T55	0	2	0.317
5	3	T55	0	2	0.339
7	3	T55	0	2	0.348
8	3	T55	0	2	0.344
1	3	T56	0	1	0.732
3	3	T56	0	1	0.314
5	3	T56	0	1	0.329
7	3	T56	0	1	0.345
8	3	T56	0	1	0.328
1	3	T56	0	2	0.834
3	3	T56	0	2	0.355
5	3	T56	0	2	0.331
7	3	T56	0	2	0.342
8	3	T56	0	2	0.321
1	3	T57	0	1	0.856
3	3	T57	0	1	0.309
5	3	T57	0	1	0.335
7	3	T57	0	1	0.34
8	3	T57	0	1	0.338
1	3	T57	0	2	0.875
3	3	T57	0	2	0.32
5	3	T57	0	2	0.331
7	3	T57	0	2	0.36
8	3	T57	0	2	0.338
1	3	T58	0	1	0.645
3	3	T58	0	1	0.314
5	3	T58	0	1	0.337
7	3	T58	0	1	0.337
8	3	T58	0	1	0.327
1	3	T58	0	2	0.784
3	3	T58	0	2	0.289
5	3	T58	0	2	0.342
7	3	T58	0	2	0.337
8	3	T58	0	2	0.331
1	3	T59	0	1	0.767
3	3	T59	0	1	0.309
5	3	T59	0	1	0.339
7	3	T59	0	1	0.347
8	3	T59	0	1	0.319
1	3	T59	0	2	0.743
3	3	T59	0	2	0.307
5	3	T59	0	2	0.331
7	3	T59	0	2	0.34
8	3	T59	0	2	0.322
1	3	T60	0	1	0.805
3	3	T60	0	1	0.322
5	3	T60	0	1	0.344
7	3	T60	0	1	0.352
8	3	T60	0	1	0.327
1	3	T60	0	2	0.79
3	3	T60	0	2	0.321
5	3	T60	0	2	0.338
7	3	T60	0	2	0.344
8	3	T60	0	2	0.309
1	3	T61	0	1	0.607
3	3	T61	0	1	0.295
5	3	T61	0	1	0.307
7	3	T61	0	1	0.287
8	3	T61	0	1	0.29
1	3	T61	0	2	0.77
3	3	T61	0	2	0.29
5	3	T61	0	2	0.304
7	3	T61	0	2	0.287
8	3	T61	0	2	0.281
1	3	T62	0	1	0.448
3	3	T62	0	1	0.281
5	3	T62	0	1	0.322
7	3	T62	0	1	0.288
8	3	T62	0	1	0.275
1	3	T62	0	2	0.68
3	3	T62	0	2	0.285
5	3	T62	0	2	0.282
7	3	T62	0	2	0.286
8	3	T62	0	2	0.289
1	3	T63	0	1	0.678
3	3	T63	0	1	0.294
5	3	T63	0	1	0.311
7	3	T63	0	1	0.287
8	3	T63	0	1	0.283
1	3	T63	0	2	0.658
3	3	T63	0	2	0.299
5	3	T63	0	2	0.296
7	3	T63	0	2	0.28
8	3	T63	0	2	0.294
1	3	T64	0	1	0.493
3	3	T64	0	1	0.272
5	3	T64	0	1	0.291
7	3	T64	0	1	0.297
8	3	T64	0	1	0.288
1	3	T64	0	2	0.526
3	3	T64	0	2	0.247
5	3	T64	0	2	0.281
7	3	T64	0	2	0.285
8	3	T64	0	2	0.281
1	3	T65	0	1	0.738
3	3	T65	0	1	0.282
5	3	T65	0	1	0.301
7	3	T65	0	1	0.297
8	3	T65	0	1	0.3
1	3	T65	0	2	0.82
3	3	T65	0	2	0.283
5	3	T65	0	2	0.294
7	3	T65	0	2	0.307
8	3	T65	0	2	0.303
1	3	T66	0	1	0.699
3	3	T66	0	1	0.304
5	3	T66	0	1	0.308
7	3	T66	0	1	0.308
8	3	T66	0	1	0.294
1	3	T66	0	2	0.803
3	3	T66	0	2	0.298
5	3	T66	0	2	0.308
7	3	T66	0	2	0.314
8	3	T66	0	2	0.309
1	3	T67	0	1	0.689
3	3	T67	0	1	0.283
5	3	T67	0	1	0.286
7	3	T67	0	1	0.293
8	3	T67	0	1	0.279
1	3	T67	0	2	0.851
3	3	T67	0	2	0.275
5	3	T67	0	2	0.289
7	3	T67	0	2	0.3
8	3	T67	0	2	0.294
1	3	T68	0	1	0.624
3	3	T68	0	1	0.277
5	3	T68	0	1	0.285
7	3	T68	0	1	0.299
8	3	T68	0	1	0.291
1	3	T68	0	2	0.716
3	3	T68	0	2	0.283
5	3	T68	0	2	0.286
7	3	T68	0	2	0.308
8	3	T68	0	2	0.285
1	3	T69	0	1	0.806
3	3	T69	0	1	0.281
5	3	T69	0	1	0.297
7	3	T69	0	1	0.31
8	3	T69	0	1	0.297
1	3	T69	0	2	0.975
3	3	T69	0	2	0.293
5	3	T69	0	2	0.301
7	3	T69	0	2	0.315
8	3	T69	0	2	0.29
1	3	T70	0	1	0.567
3	3	T70	0	1	0.282
5	3	T70	0	1	0.306
7	3	T70	0	1	0.298
8	3	T70	0	1	0.302
1	3	T70	0	2	0.521
3	3	T70	0	2	0.289
5	3	T70	0	2	0.301
7	3	T70	0	2	0.312
8	3	T70	0	2	0.299
1	3	T71	0	1	0.599
3	3	T71	0	1	0.292
5	3	T71	0	1	0.295
7	3	T71	0	1	0.304
8	3	T71	0	1	0.291
1	3	T71	0	2	0.594
3	3	T71	0	2	0.275
5	3	T71	0	2	0.301
7	3	T71	0	2	0.346
8	3	T71	0	2	0.304
1	3	T72	0	1	0.786
3	3	T72	0	1	0.283
5	3	T72	0	1	0.296
7	3	T72	0	1	0.312
8	3	T72	0	1	0.297
1	3	T72	0	2	0.811
3	3	T72	0	2	0.291
5	3	T72	0	2	0.307
7	3	T72	0	2	0.317
8	3	T72	0	2	0.297
1	3	T73	0	1	0.805
3	3	T73	0	1	0.335
5	3	T73	0	1	0.362
7	3	T73	0	1	0.361
8	3	T73	0	1	0.34
1	3	T73	0	2	0.755
3	3	T73	0	2	0.33
5	3	T73	0	2	0.349
7	3	T73	0	2	0.351
8	3	T73	0	2	0.341
1	3	T74	0	1	0.879
3	3	T74	0	1	0.327
5	3	T74	0	1	0.349
7	3	T74	0	1	0.347
8	3	T74	0	1	0.335
1	3	T74	0	2	0.756
3	3	T74	0	2	0.326
5	3	T74	0	2	0.348
7	3	T74	0	2	0.339
8	3	T74	0	2	0.366
1	3	T75	0	1	0.823
3	3	T75	0	1	0.321
5	3	T75	0	1	0.357
7	3	T75	0	1	0.35
8	3	T75	0	1	0.316
1	3	T75	0	2	0.806
3	3	T75	0	2	0.331
5	3	T75	0	2	0.352
7	3	T75	0	2	0.348
8	3	T75	0	2	0.355
1	3	T76	0	1	0.591
3	3	T76	0	1	0.313
5	3	T76	0	1	0.361
7	3	T76	0	1	0.353
8	3	T76	0	1	0.345
1	3	T76	0	2	0.603
3	3	T76	0	2	0.307
5	3	T76	0	2	0.33
7	3	T76	0	2	0.35
8	3	T76	0	2	0.341
1	3	T77	0	1	0.734
3	3	T77	0	1	0.304
5	3	T77	0	1	0.365
7	3	T77	0	1	0.349
8	3	T77	0	1	0.35
1	3	T77	0	2	0.964
3	3	T77	0	2	0.309
5	3	T77	0	2	0.341
7	3	T77	0	2	0.355
8	3	T77	0	2	0.343
1	3	T78	0	1	0.929
3	3	T78	0	1	0.315
5	3	T78	0	1	0.357
7	3	T78	0	1	0.344
8	3	T78	0	1	0.362
1	3	T78	0	2	0.965
3	3	T78	0	2	0.324
5	3	T78	0	2	0.344
7	3	T78	0	2	0.339
8	3	T78	0	2	0.323
1	3	T79	0	1	0.687
3	3	T79	0	1	0.298
5	3	T79	0	1	0.347
7	3	T79	0	1	0.349
8	3	T79	0	1	0.338
1	3	T79	0	2	0.557
3	3	T79	0	2	0.31
5	3	T79	0	2	0.343
7	3	T79	0	2	0.338
8	3	T79	0	2	0.336
1	3	T80	0	1	0.732
3	3	T80	0	1	0.32
5	3	T80	0	1	0.346
7	3	T80	0	1	0.355
8	3	T80	0	1	0.341
1	3	T80	0	2	0.682
3	3	T80	0	2	0.327
5	3	T80	0	2	0.343
7	3	T80	0	2	0.356
8	3	T80	0	2	0.333
1	3	T81	0	1	0.631
3	3	T81	0	1	0.331
5	3	T81	0	1	0.348
7	3	T81	0	1	0.357
8	3	T81	0	1	0.348
1	3	T81	0	2	0.803
3	3	T81	0	2	0.326
5	3	T81	0	2	0.353
7	3	T81	0	2	0.346
8	3	T81	0	2	0.329
1	3	T82	0	1	0.611
3	3	T82	0	1	0.317
5	3	T82	0	1	0.353
7	3	T82	0	1	0.347
8	3	T82	0	1	0.345
1	3	T82	0	2	0.62
3	3	T82	0	2	0.308
5	3	T82	0	2	0.331
7	3	T82	0	2	0.349
8	3	T82	0	2	0.329
1	3	T83	0	1	0.675
3	3	T83	0	1	0.311
5	3	T83	0	1	0.347
7	3	T83	0	1	0.354
8	3	T83	0	1	0.352
1	3	T83	0	2	0.803
3	3	T83	0	2	0.309
5	3	T83	0	2	0.331
7	3	T83	0	2	0.352
8	3	T83	0	2	0.332
1	3	T84	0	1	0.853
3	3	T84	0	1	0.323
5	3	T84	0	1	0.35
7	3	T84	0	1	0.351
8	3	T84	0	1	0.351
1	3	T84	0	2	0.735
3	3	T84	0	2	0.309
5	3	T84	0	2	0.334
7	3	T84	0	2	0.353
8	3	T84	0	2	0.334
1	3	T85	0	1	0.942
3	3	T85	0	1	0.291
5	3	T85	0	1	0.332
7	3	T85	0	1	0.323
8	3	T85	0	1	0.314
1	3	T85	0	2	0.555
3	3	T85	0	2	0.305
5	3	T85	0	2	0.338
7	3	T85	0	2	0.35
8	3	T85	0	2	0.341
1	3	T86	0	1	0.87
3	3	T86	0	1	0.317
5	3	T86	0	1	0.344
7	3	T86	0	1	0.349
8	3	T86	0	1	0.323
1	3	T86	0	2	0.75
3	3	T86	0	2	0.317
5	3	T86	0	2	0.341
7	3	T86	0	2	0.339
8	3	T86	0	2	0.363
1	3	T87	0	1	0.625
3	3	T87	0	1	0.313
5	3	T87	0	1	0.349
7	3	T87	0	1	0.347
8	3	T87	0	1	0.311
1	3	T87	0	2	0.793
3	3	T87	0	2	0.273
5	3	T87	0	2	0.285
7	3	T87	0	2	0.295
8	3	T87	0	2	0.303
1	3	T88	0	1	0.594
3	3	T88	0	1	0.28
5	3	T88	0	1	0.345
7	3	T88	0	1	0.345
8	3	T88	0	1	0.366
1	3	T88	0	2	0.63
3	3	T88	0	2	0.293
5	3	T88	0	2	0.324
7	3	T88	0	2	0.348
8	3	T88	0	2	0.338
1	3	T89	0	1	0.736
3	3	T89	0	1	0.298
5	3	T89	0	1	0.349
7	3	T89	0	1	0.355
8	3	T89	0	1	0.363
1	3	T89	0	2	0.805
3	3	T89	0	2	0.287
5	3	T89	0	2	0.335
7	3	T89	0	2	0.356
8	3	T89	0	2	0.341
1	3	T90	0	1	0.815
3	3	T90	0	1	0.316
5	3	T90	0	1	0.344
7	3	T90	0	1	0.35
8	3	T90	0	1	0.368
1	3	T90	0	2	0.805
3	3	T90	0	2	0.284
5	3	T90	0	2	0.327
7	3	T90	0	2	0.346
8	3	T90	0	2	0.345
1	3	T91	0	1	0.715
3	3	T91	0	1	0.28
5	3	T91	0	1	0.317
7	3	T91	0	1	0.314
8	3	T91	0	1	0.304
1	3	T91	0	2	0.634
3	3	T91	0	2	0.287
5	3	T91	0	2	0.282
7	3	T91	0	2	0.306
8	3	T91	0	2	0.309
1	3	T92	0	1	0.809
3	3	T92	0	1	0.318
5	3	T92	0	1	0.339
7	3	T92	0	1	0.339
8	3	T92	0	1	0.321
1	3	T92	0	2	0.757
3	3	T92	0	2	0.315
5	3	T92	0	2	0.329
7	3	T92	0	2	0.341
8	3	T92	0	2	0.313
1	3	T93	0	1	0.797
3	3	T93	0	1	0.313
5	3	T93	0	1	0.334
7	3	T93	0	1	0.345
8	3	T93	0	1	0.319
1	3	T93	0	2	0.763
3	3	T93	0	2	0.31
5	3	T93	0	2	0.327
7	3	T93	0	2	0.331
8	3	T93	0	2	0.343
1	3	T94	0	1	0.693
3	3	T94	0	1	0.304
5	3	T94	0	1	0.341
7	3	T94	0	1	0.344
8	3	T94	0	1	0.332
1	3	T94	0	2	0.568
3	3	T94	0	2	0.293
5	3	T94	0	2	0.318
7	3	T94	0	2	0.351
8	3	T94	0	2	0.33
1	3	T95	0	1	0.701
3	3	T95	0	1	0.275
5	3	T95	0	1	0.336
7	3	T95	0	1	0.35
8	3	T95	0	1	0.362
1	3	T95	0	2	0.94
3	3	T95	0	2	0.278
5	3	T95	0	2	0.324
7	3	T95	0	2	0.346
8	3	T95	0	2	0.336
1	3	T96	0	1	0.796
3	3	T96	0	1	0.3
5	3	T96	0	1	0.315
7	3	T96	0	1	0.345
8	3	T96	0	1	0.34
1	3	T96	0	2	0.973
3	3	T96	0	2	0.278
5	3	T96	0	2	0.292
7	3	T96	0	2	0.347
8	3	T96	0	2	0.315
