plate_name	plate_number	bioscreen_well	replicate	sp_hist	strep_conc	sp_filtrate	auc	max_od	min_od
bioscreen_strep_01	1	1	1	ANC_0403	0	NA	14.270888888888889	0.4052	0.08266666666666667
bioscreen_strep_01	1	2	2	ANC_0403	0	NA	15.293161111111111	0.4368	0.08266666666666667
bioscreen_strep_01	1	3	3	ANC_0403	0	NA	15.42051111111111	0.44666666666666666	0.082
bioscreen_strep_01	1	4	4	ANC_0403	0	NA	15.302177777777779	0.4442	0.08133333333333334
bioscreen_strep_01	1	5	5	ANC_0403	0	NA	15.499772222222223	0.46066666666666667	0.08166666666666667
bioscreen_strep_01	1	6	1	ANC_1287	0	NA	23.96478888888889	0.6468	0.08166666666666667
bioscreen_strep_01	1	7	2	ANC_1287	0	NA	23.876288888888887	0.6404	0.08166666666666667
bioscreen_strep_01	1	8	3	ANC_1287	0	NA	24.204283333333333	0.6536000000000001	0.08166666666666667
bioscreen_strep_01	1	9	4	ANC_1287	0	NA	23.82986111111111	0.6428	0.08266666666666667
bioscreen_strep_01	1	10	5	ANC_1287	0	NA	24.690538888888888	0.647	0.08266666666666667
bioscreen_strep_01	1	11	1	ANC_1896	0	NA	16.887744444444444	0.541	0.08266666666666667
bioscreen_strep_01	1	12	2	ANC_1896	0	NA	16.940216666666668	0.534	0.08166666666666667
bioscreen_strep_01	1	13	3	ANC_1896	0	NA	17.06942777777778	0.5364	0.08166666666666667
bioscreen_strep_01	1	14	4	ANC_1896	0	NA	17.023805555555555	0.537	0.08066666666666666
bioscreen_strep_01	1	15	5	ANC_1896	0	NA	17.232305555555556	0.5458000000000001	0.082
bioscreen_strep_01	1	16	1	ANC_1977	0	NA	27.349094444444443	0.7946000000000001	0.08066666666666666
bioscreen_strep_01	1	17	2	ANC_1977	0	NA	27.299805555555555	0.7994	0.08133333333333334
bioscreen_strep_01	1	18	3	ANC_1977	0	NA	27.209455555555557	0.7978000000000001	0.08166666666666667
bioscreen_strep_01	1	19	4	ANC_1977	0	NA	27.13947222222222	0.7988000000000001	0.08266666666666667
bioscreen_strep_01	1	20	5	ANC_1977	0	NA	27.873033333333332	0.7866000000000001	0.08266666666666667
bioscreen_strep_01	1	21	1	ANC_0403	4	NA	13.470433333333334	0.40959999999999996	0.08333333333333334
bioscreen_strep_01	1	22	2	ANC_0403	4	NA	13.596305555555556	0.403	0.08233333333333334
bioscreen_strep_01	1	23	3	ANC_0403	4	NA	14.001338888888888	0.411	0.08133333333333334
bioscreen_strep_01	1	24	4	ANC_0403	4	NA	14.063755555555556	0.41519999999999996	0.08133333333333334
bioscreen_strep_01	1	25	5	ANC_0403	4	NA	13.98645	0.4144	0.081
bioscreen_strep_01	1	26	1	ANC_1287	4	NA	22.84188888888889	0.615	0.08133333333333334
bioscreen_strep_01	1	27	2	ANC_1287	4	NA	23.036327777777778	0.6232	0.08133333333333334
bioscreen_strep_01	1	28	3	ANC_1287	4	NA	22.94488888888889	0.62	0.08233333333333334
bioscreen_strep_01	1	29	4	ANC_1287	4	NA	22.954955555555557	0.6268	0.08266666666666667
bioscreen_strep_01	1	30	5	ANC_1287	4	NA	23.26361111111111	0.6408	0.0858
bioscreen_strep_01	1	31	1	ANC_1896	4	NA	17.08781111111111	0.5336000000000001	0.082
bioscreen_strep_01	1	32	2	ANC_1896	4	NA	16.84176111111111	0.5132	0.08166666666666667
bioscreen_strep_01	1	33	3	ANC_1896	4	NA	17.115933333333334	0.521	0.084
bioscreen_strep_01	1	34	4	ANC_1896	4	NA	16.744922222222222	0.5128	0.08133333333333334
bioscreen_strep_01	1	35	5	ANC_1896	4	NA	16.638927777777777	0.5114	0.08133333333333334
bioscreen_strep_01	1	36	1	ANC_1977	4	NA	25.77406111111111	0.7528	0.081
bioscreen_strep_01	1	37	2	ANC_1977	4	NA	25.6854	0.7562	0.08166666666666667
bioscreen_strep_01	1	38	3	ANC_1977	4	NA	25.83821111111111	0.7556	0.082
bioscreen_strep_01	1	39	4	ANC_1977	4	NA	25.635083333333334	0.759	0.08266666666666667
bioscreen_strep_01	1	40	5	ANC_1977	4	NA	26.352888888888888	0.7542	0.08333333333333334
bioscreen_strep_01	1	41	1	ANC_0403	8	NA	12.583022222222223	0.398	0.08333333333333334
bioscreen_strep_01	1	42	2	ANC_0403	8	NA	13.48623888888889	0.4084	0.08266666666666667
bioscreen_strep_01	1	43	3	ANC_0403	8	NA	13.564761111111112	0.408	0.08166666666666667
bioscreen_strep_01	1	44	4	ANC_0403	8	NA	13.750261111111111	0.411	0.08133333333333334
bioscreen_strep_01	1	45	5	ANC_0403	8	NA	13.710861111111111	0.415	0.08166666666666667
bioscreen_strep_01	1	46	1	ANC_1287	8	NA	21.636672222222224	0.5736	0.08133333333333334
bioscreen_strep_01	1	47	2	ANC_1287	8	NA	21.75683888888889	0.5806	0.08166666666666667
bioscreen_strep_01	1	48	3	ANC_1287	8	NA	21.91465	0.5858	0.08133333333333334
bioscreen_strep_01	1	49	4	ANC_1287	8	NA	22.854288888888888	0.6202	0.08233333333333334
bioscreen_strep_01	1	50	5	ANC_1287	8	NA	22.75561111111111	0.6158	0.08533333333333333
bioscreen_strep_01	1	51	1	ANC_1896	8	NA	17.048805555555557	0.5258	0.08366666666666667
bioscreen_strep_01	1	52	2	ANC_1896	8	NA	16.669116666666667	0.5142	0.082
bioscreen_strep_01	1	53	3	ANC_1896	8	NA	16.648694444444445	0.5068	0.08233333333333334
bioscreen_strep_01	1	54	4	ANC_1896	8	NA	16.602316666666667	0.5068	0.08166666666666667
bioscreen_strep_01	1	55	5	ANC_1896	8	NA	16.692127777777777	0.5126000000000001	0.08166666666666667
bioscreen_strep_01	1	56	1	ANC_1977	8	NA	24.563127777777776	0.7442	0.08466666666666667
bioscreen_strep_01	1	57	2	ANC_1977	8	NA	24.611811111111113	0.7396	0.08133333333333334
bioscreen_strep_01	1	58	3	ANC_1977	8	NA	24.32556111111111	0.7436	0.082
bioscreen_strep_01	1	59	4	ANC_1977	8	NA	24.770127777777777	0.7496	0.08366666666666667
bioscreen_strep_01	1	60	5	ANC_1977	8	NA	25.63607222222222	0.7508	0.08466666666666667
bioscreen_strep_01	1	61	1	ANC_0403	16	NA	13.264222222222221	0.43019999999999997	0.084
bioscreen_strep_01	1	62	2	ANC_0403	16	NA	14.058083333333334	0.442	0.08433333333333334
bioscreen_strep_01	1	63	3	ANC_0403	16	NA	12.6256	0.4008	0.08366666666666667
bioscreen_strep_01	1	64	4	ANC_0403	16	NA	12.61983888888889	0.3998	0.08266666666666667
bioscreen_strep_01	1	65	5	ANC_0403	16	NA	12.42435	0.398	0.08233333333333334
bioscreen_strep_01	1	66	1	ANC_1287	16	NA	22.388183333333334	0.6046	0.08266666666666667
bioscreen_strep_01	1	67	2	ANC_1287	16	NA	22.467022222222223	0.605	0.08266666666666667
bioscreen_strep_01	1	68	3	ANC_1287	16	NA	22.650244444444443	0.6112	0.08233333333333334
bioscreen_strep_01	1	69	4	ANC_1287	16	NA	22.949472222222223	0.6282	0.08266666666666667
bioscreen_strep_01	1	70	5	ANC_1287	16	NA	23.09638888888889	0.6288	0.08766666666666667
bioscreen_strep_01	1	71	1	ANC_1896	16	NA	16.62623888888889	0.5156000000000001	0.08333333333333334
bioscreen_strep_01	1	72	2	ANC_1896	16	NA	16.58716111111111	0.5074	0.08333333333333334
bioscreen_strep_01	1	73	3	ANC_1896	16	NA	16.575194444444445	0.5082	0.083
bioscreen_strep_01	1	74	4	ANC_1896	16	NA	16.6178	0.5102	0.084
bioscreen_strep_01	1	75	5	ANC_1896	16	NA	16.715033333333334	0.5158	0.08333333333333334
bioscreen_strep_01	1	76	1	ANC_1977	16	NA	4.251738888888888	0.10033333333333334	0.085
bioscreen_strep_01	1	77	2	ANC_1977	16	NA	15.172105555555556	0.694	0.084
bioscreen_strep_01	1	78	3	ANC_1977	16	NA	11.618194444444445	0.698	0.084
bioscreen_strep_01	1	79	4	ANC_1977	16	NA	9.691566666666667	0.687	0.084
bioscreen_strep_01	1	80	5	ANC_1977	16	NA	5.582455555555556	0.433	0.08533333333333333
bioscreen_strep_01	1	81	1	ANC_0403	32	NA	13.844088888888889	0.44780000000000003	0.08333333333333334
bioscreen_strep_01	1	82	2	ANC_0403	32	NA	9.936333333333334	0.3826	0.084
bioscreen_strep_01	1	83	3	ANC_0403	32	NA	13.892272222222223	0.448	0.08366666666666667
bioscreen_strep_01	1	84	4	ANC_0403	32	NA	13.792977777777777	0.4452	0.084
bioscreen_strep_01	1	85	5	ANC_0403	32	NA	10.197133333333333	0.3872	0.08466666666666667
bioscreen_strep_01	1	86	1	ANC_1287	32	NA	22.68278888888889	0.6252	0.08333333333333334
bioscreen_strep_01	1	87	2	ANC_1287	32	NA	22.56201111111111	0.6214	0.08333333333333334
bioscreen_strep_01	1	88	3	ANC_1287	32	NA	22.116283333333335	0.6092	0.08366666666666667
bioscreen_strep_01	1	89	4	ANC_1287	32	NA	22.406194444444445	0.618	0.08333333333333334
bioscreen_strep_01	1	90	5	ANC_1287	32	NA	22.52573333333333	0.617	0.08333333333333334
bioscreen_strep_01	1	91	1	ANC_1896	32	NA	16.762527777777777	0.5446666666666667	0.084
bioscreen_strep_01	1	92	2	ANC_1896	32	NA	16.421344444444443	0.519	0.084
bioscreen_strep_01	1	93	3	ANC_1896	32	NA	16.484383333333334	0.5242	0.084
bioscreen_strep_01	1	94	4	ANC_1896	32	NA	16.572283333333335	0.53	0.085
bioscreen_strep_01	1	95	5	ANC_1896	32	NA	16.696405555555557	0.539	0.08533333333333333
bioscreen_strep_01	1	96	1	ANC_1977	32	NA	4.177483333333333	0.088	0.08433333333333334
bioscreen_strep_01	1	97	2	ANC_1977	32	NA	4.160855555555555	0.08733333333333333	0.084
bioscreen_strep_01	1	98	3	ANC_1977	32	NA	4.143833333333333	0.087	0.084
bioscreen_strep_01	1	99	4	ANC_1977	32	NA	4.139688888888888	0.087	0.08333333333333334
bioscreen_strep_01	1	100	5	ANC_1977	32	NA	4.167855555555556	0.08779999999999999	0.084
bioscreen_strep_01	2	101	1	ANC_0403	64	NA	4.275488888888889	0.091	0.08533333333333333
bioscreen_strep_01	2	102	2	ANC_0403	64	NA	4.14835	0.0872	0.083
bioscreen_strep_01	2	103	3	ANC_0403	64	NA	4.129183333333333	0.087	0.082
bioscreen_strep_01	2	104	4	ANC_0403	64	NA	4.13385	0.0872	0.082
bioscreen_strep_01	2	105	5	ANC_0403	64	NA	4.114644444444444	0.087	0.08166666666666667
bioscreen_strep_01	2	106	1	ANC_1287	64	NA	23.349394444444442	0.6292	0.082
bioscreen_strep_01	2	107	2	ANC_1287	64	NA	23.418872222222223	0.6324	0.08166666666666667
bioscreen_strep_01	2	108	3	ANC_1287	64	NA	23.496516666666665	0.6328	0.082
bioscreen_strep_01	2	109	4	ANC_1287	64	NA	23.24653888888889	0.624	0.08266666666666667
bioscreen_strep_01	2	110	5	ANC_1287	64	NA	23.98498888888889	0.6322	0.08333333333333334
bioscreen_strep_01	2	111	1	ANC_1896	64	NA	16.582988888888888	0.515	0.08266666666666667
bioscreen_strep_01	2	112	2	ANC_1896	64	NA	16.46613888888889	0.5086	0.08233333333333334
bioscreen_strep_01	2	113	3	ANC_1896	64	NA	16.592194444444445	0.5122	0.08233333333333334
bioscreen_strep_01	2	114	4	ANC_1896	64	NA	16.51715	0.5108	0.08166666666666667
bioscreen_strep_01	2	115	5	ANC_1896	64	NA	16.677805555555555	0.5206000000000001	0.08166666666666667
bioscreen_strep_01	2	116	1	ANC_1977	64	NA	4.110772222222222	0.08679999999999999	0.08166666666666667
bioscreen_strep_01	2	117	2	ANC_1977	64	NA	4.107027777777778	0.08639999999999999	0.08233333333333334
bioscreen_strep_01	2	118	3	ANC_1977	64	NA	4.148355555555555	0.087	0.08333333333333334
bioscreen_strep_01	2	119	4	ANC_1977	64	NA	4.13615	0.087	0.08333333333333334
bioscreen_strep_01	2	120	5	ANC_1977	64	NA	4.161	0.088	0.084
bioscreen_strep_01	2	121	1	ANC_0403	128	NA	4.205794444444444	0.09	0.08366666666666667
bioscreen_strep_01	2	122	2	ANC_0403	128	NA	4.111961111111111	0.08639999999999999	0.08266666666666667
bioscreen_strep_01	2	123	3	ANC_0403	128	NA	4.10175	0.08639999999999999	0.08166666666666667
bioscreen_strep_01	2	124	4	ANC_0403	128	NA	4.126316666666667	0.087	0.082
bioscreen_strep_01	2	125	5	ANC_0403	128	NA	4.10715	0.08666666666666666	0.08133333333333334
bioscreen_strep_01	2	126	1	ANC_1287	128	NA	20.830383333333334	0.5676	0.08133333333333334
bioscreen_strep_01	2	127	2	ANC_1287	128	NA	21.223966666666666	0.5813999999999999	0.08166666666666667
bioscreen_strep_01	2	128	3	ANC_1287	128	NA	21.317466666666668	0.5853999999999999	0.08166666666666667
bioscreen_strep_01	2	129	4	ANC_1287	128	NA	21.367238888888888	0.593	0.08233333333333334
bioscreen_strep_01	2	130	5	ANC_1287	128	NA	21.702044444444446	0.6012	0.083
bioscreen_strep_01	2	131	1	ANC_1896	128	NA	16.07252777777778	0.4978	0.08266666666666667
bioscreen_strep_01	2	132	2	ANC_1896	128	NA	15.987822222222222	0.4884	0.08233333333333334
bioscreen_strep_01	2	133	3	ANC_1896	128	NA	16.343366666666668	0.5014	0.0835
bioscreen_strep_01	2	134	4	ANC_1896	128	NA	15.98495	0.4904	0.082
bioscreen_strep_01	2	135	5	ANC_1896	128	NA	15.879138888888889	0.4868	0.08233333333333334
bioscreen_strep_01	2	136	1	ANC_1977	128	NA	4.11965	0.087	0.08233333333333334
bioscreen_strep_01	2	137	2	ANC_1977	128	NA	4.110361111111111	0.0866	0.08233333333333334
bioscreen_strep_01	2	138	3	ANC_1977	128	NA	4.148688888888889	0.0872	0.08333333333333334
bioscreen_strep_01	2	139	4	ANC_1977	128	NA	4.368505555555555	0.096	0.088
bioscreen_strep_01	2	140	5	ANC_1977	128	NA	4.1918388888888884	0.0886	0.085
bioscreen_strep_01	2	141	1	ANC_0403	256	NA	4.204644444444444	0.089	0.08366666666666667
bioscreen_strep_01	2	142	2	ANC_0403	256	NA	4.1344611111111105	0.087	0.08266666666666667
bioscreen_strep_01	2	143	3	ANC_0403	256	NA	4.090811111111111	0.086	0.08166666666666667
bioscreen_strep_01	2	144	4	ANC_0403	256	NA	4.104205555555556	0.0862	0.08133333333333334
bioscreen_strep_01	2	145	5	ANC_0403	256	NA	4.111761111111111	0.08679999999999999	0.082
bioscreen_strep_01	2	146	1	ANC_1287	256	NA	17.11948888888889	0.5346000000000001	0.08133333333333334
bioscreen_strep_01	2	147	2	ANC_1287	256	NA	16.811505555555556	0.5244	0.08133333333333334
bioscreen_strep_01	2	148	3	ANC_1287	256	NA	16.661844444444444	0.5338	0.08133333333333334
bioscreen_strep_01	2	149	4	ANC_1287	256	NA	17.401983333333334	0.563	0.08166666666666667
bioscreen_strep_01	2	150	5	ANC_1287	256	NA	17.549883333333334	0.5638	0.083
bioscreen_strep_01	2	151	1	ANC_1896	256	NA	14.898222222222222	0.462	0.08333333333333334
bioscreen_strep_01	2	152	2	ANC_1896	256	NA	14.98915	0.4532	0.08266666666666667
bioscreen_strep_01	2	153	3	ANC_1896	256	NA	14.952866666666667	0.4496	0.08233333333333334
bioscreen_strep_01	2	154	4	ANC_1896	256	NA	14.711972222222222	0.442	0.08233333333333334
bioscreen_strep_01	2	155	5	ANC_1896	256	NA	14.867194444444445	0.4454	0.082
bioscreen_strep_01	2	156	1	ANC_1977	256	NA	4.188144444444444	0.088	0.08366666666666667
bioscreen_strep_01	2	157	2	ANC_1977	256	NA	4.0926833333333335	0.086	0.082
bioscreen_strep_01	2	158	3	ANC_1977	256	NA	4.117461111111111	0.087	0.083
bioscreen_strep_01	2	159	4	ANC_1977	256	NA	4.154355555555555	0.0872	0.08333333333333334
bioscreen_strep_01	2	160	5	ANC_1977	256	NA	4.172683333333333	0.088	0.084
bioscreen_strep_01	2	161	1	ANC_0403	512	NA	4.206505555555555	0.089	0.08425
bioscreen_strep_01	2	162	2	ANC_0403	512	NA	4.158849999999999	0.087	0.084
bioscreen_strep_01	2	163	3	ANC_0403	512	NA	4.118127777777778	0.087	0.083
bioscreen_strep_01	2	164	4	ANC_0403	512	NA	4.122794444444445	0.087	0.08266666666666667
bioscreen_strep_01	2	165	5	ANC_0403	512	NA	4.129461111111111	0.087	0.08266666666666667
bioscreen_strep_01	2	166	1	ANC_1287	512	NA	10.670055555555555	0.519	0.08233333333333334
bioscreen_strep_01	2	167	2	ANC_1287	512	NA	12.535927777777777	0.4962	0.08266666666666667
bioscreen_strep_01	2	168	3	ANC_1287	512	NA	11.950011111111111	0.5526000000000001	0.08233333333333334
bioscreen_strep_01	2	169	4	ANC_1287	512	NA	10.369983333333334	0.553	0.083
bioscreen_strep_01	2	170	5	ANC_1287	512	NA	9.047027777777778	0.5163333333333333	0.08333333333333334
bioscreen_strep_01	2	171	1	ANC_1896	512	NA	10.32905	0.35	0.084
bioscreen_strep_01	2	172	2	ANC_1896	512	NA	10.492194444444445	0.3423333333333334	0.08333333333333334
bioscreen_strep_01	2	173	3	ANC_1896	512	NA	10.936755555555555	0.359	0.08333333333333334
bioscreen_strep_01	2	174	4	ANC_1896	512	NA	10.997505555555556	0.368	0.08333333333333334
bioscreen_strep_01	2	175	5	ANC_1896	512	NA	10.537005555555556	0.35733333333333334	0.083
bioscreen_strep_01	2	176	1	ANC_1977	512	NA	4.1611111111111105	0.08766666666666666	0.084
bioscreen_strep_01	2	177	2	ANC_1977	512	NA	4.152355555555555	0.087	0.08333333333333334
bioscreen_strep_01	2	178	3	ANC_1977	512	NA	4.1555	0.08733333333333333	0.08366666666666667
bioscreen_strep_01	2	179	4	ANC_1977	512	NA	4.188955555555555	0.08833333333333333	0.084
bioscreen_strep_01	2	180	5	ANC_1977	512	NA	4.206666666666666	0.089	0.085
bioscreen_strep_01	2	181	1	ANC_0403	1024	NA	4.191172222222222	0.08933333333333333	0.084
bioscreen_strep_01	2	182	2	ANC_0403	1024	NA	4.098833333333333	0.086	0.083
bioscreen_strep_01	2	183	3	ANC_0403	1024	NA	4.120611111111111	0.08679999999999999	0.084
bioscreen_strep_01	2	184	4	ANC_0403	1024	NA	4.118316666666667	0.087	0.083
bioscreen_strep_01	2	185	5	ANC_0403	1024	NA	4.1168555555555555	0.086	0.08333333333333334
bioscreen_strep_01	2	186	1	ANC_1287	1024	NA	4.1146666666666665	0.086	0.084
bioscreen_strep_01	2	187	2	ANC_1287	1024	NA	4.2455	0.12266666666666666	0.08333333333333334
bioscreen_strep_01	2	188	3	ANC_1287	1024	NA	4.119466666666667	0.08633333333333333	0.08366666666666667
bioscreen_strep_01	2	189	4	ANC_1287	1024	NA	4.118855555555555	0.0862	0.08333333333333334
bioscreen_strep_01	2	190	5	ANC_1287	1024	NA	4.13	0.087	0.083
bioscreen_strep_01	2	191	1	ANC_1896	1024	NA	4.2160166666666665	0.091	0.083
bioscreen_strep_01	2	192	2	ANC_1896	1024	NA	4.246166666666666	0.091	0.084
bioscreen_strep_01	2	193	3	ANC_1896	1024	NA	4.341627777777778	0.09433333333333334	0.08433333333333334
bioscreen_strep_01	2	194	4	ANC_1896	1024	NA	4.477944444444445	0.097	0.08566666666666667
bioscreen_strep_01	2	195	5	ANC_1896	1024	NA	4.4082333333333334	0.09566666666666666	0.08533333333333333
bioscreen_strep_01	2	196	1	ANC_1977	1024	NA	4.459461111111111	0.09733333333333334	0.08433333333333334
bioscreen_strep_01	2	197	2	ANC_1977	1024	NA	4.480188888888889	0.0964	0.085
bioscreen_strep_01	2	198	3	ANC_1977	1024	NA	4.44165	0.09633333333333334	0.08466666666666667
bioscreen_strep_01	2	199	4	ANC_1977	1024	NA	4.459194444444444	0.0974	0.08433333333333334
bioscreen_strep_01	2	200	5	ANC_1977	1024	NA	4.357272222222222	0.0964	0.084
bioscreen_strep_02	1	1	1	ANC_0403	2048	NA	4.0557944444444445	0.0858	0.08166666666666667
bioscreen_strep_02	1	2	2	ANC_0403	2048	NA	4.029144444444444	0.085	0.081
bioscreen_strep_02	1	3	3	ANC_0403	2048	NA	4.020961111111111	0.0844	0.08033333333333334
bioscreen_strep_02	1	4	4	ANC_0403	2048	NA	4.000477777777778	0.084	0.07966666666666666
bioscreen_strep_02	1	5	5	ANC_0403	2048	NA	4.031183333333334	0.085	0.08033333333333334
bioscreen_strep_02	1	6	1	ANC_1287	2048	NA	4.022444444444445	0.085	0.08
bioscreen_strep_02	1	7	2	ANC_1287	2048	NA	4.013288888888889	0.08466666666666667	0.07966666666666666
bioscreen_strep_02	1	8	3	ANC_1287	2048	NA	4.033633333333333	0.085	0.08
bioscreen_strep_02	1	9	4	ANC_1287	2048	NA	4.059961111111111	0.08566666666666667	0.081
bioscreen_strep_02	1	10	5	ANC_1287	2048	NA	4.067355555555555	0.0856	0.08133333333333334
bioscreen_strep_02	1	11	1	ANC_1896	2048	NA	4.022316666666667	0.08420000000000001	0.081
bioscreen_strep_02	1	12	2	ANC_1896	2048	NA	4.004477777777778	0.084	0.07966666666666666
bioscreen_strep_02	1	13	3	ANC_1896	2048	NA	4.0064777777777785	0.084	0.07966666666666666
bioscreen_strep_02	1	14	4	ANC_1896	2048	NA	3.9749611111111114	0.08360000000000001	0.07933333333333334
bioscreen_strep_02	1	15	5	ANC_1896	2048	NA	4.018016666666667	0.08460000000000001	0.08033333333333334
bioscreen_strep_02	1	16	1	ANC_1977	2048	NA	3.977627777777778	0.0838	0.07933333333333334
bioscreen_strep_02	1	17	2	ANC_1977	2048	NA	3.983916666666667	0.084	0.07966666666666666
bioscreen_strep_02	1	18	3	ANC_1977	2048	NA	4.0143555555555555	0.084	0.08033333333333334
bioscreen_strep_02	1	19	4	ANC_1977	2048	NA	4.028855555555556	0.08460000000000001	0.08133333333333334
bioscreen_strep_02	1	20	5	ANC_1977	2048	NA	4.066122222222223	0.08533333333333333	0.082
bioscreen_strep_02	1	21	1	ANC_0403	4096	NA	3.998355555555556	0.0848	0.08133333333333334
bioscreen_strep_02	1	22	2	ANC_0403	4096	NA	3.9697944444444446	0.08320000000000001	0.08066666666666666
bioscreen_strep_02	1	23	3	ANC_0403	4096	NA	3.9366833333333338	0.0828	0.07966666666666666
bioscreen_strep_02	1	24	4	ANC_0403	4096	NA	3.9537055555555556	0.083	0.07933333333333334
bioscreen_strep_02	1	25	5	ANC_0403	4096	NA	3.9275222222222226	0.08220000000000001	0.07933333333333334
bioscreen_strep_02	1	26	1	ANC_1287	4096	NA	3.950016666666667	0.083	0.07933333333333334
bioscreen_strep_02	1	27	2	ANC_1287	4096	NA	3.9463444444444447	0.083	0.079
bioscreen_strep_02	1	28	3	ANC_1287	4096	NA	3.962022222222222	0.083	0.07933333333333334
bioscreen_strep_02	1	29	4	ANC_1287	4096	NA	3.968961111111111	0.08320000000000001	0.07966666666666666
bioscreen_strep_02	1	30	5	ANC_1287	4096	NA	4.036127777777778	0.085	0.08166666666666667
bioscreen_strep_02	1	31	1	ANC_1896	4096	NA	3.9996333333333336	0.08420000000000001	0.08
bioscreen_strep_02	1	32	2	ANC_1896	4096	NA	3.9828555555555556	0.084	0.07933333333333334
bioscreen_strep_02	1	33	3	ANC_1896	4096	NA	3.993188888888889	0.084	0.07933333333333334
bioscreen_strep_02	1	34	4	ANC_1896	4096	NA	3.9581444444444447	0.08320000000000001	0.07866666666666666
bioscreen_strep_02	1	35	5	ANC_1896	4096	NA	3.9656833333333337	0.0834	0.079
bioscreen_strep_02	1	36	1	ANC_1977	4096	NA	3.9476833333333334	0.083	0.079
bioscreen_strep_02	1	37	2	ANC_1977	4096	NA	3.9610166666666666	0.08320000000000001	0.079
bioscreen_strep_02	1	38	3	ANC_1977	4096	NA	3.942705555555556	0.083	0.07933333333333334
bioscreen_strep_02	1	39	4	ANC_1977	4096	NA	4.009966666666667	0.084	0.081
bioscreen_strep_02	1	40	5	ANC_1977	4096	NA	4.002522222222223	0.084	0.08133333333333334
bioscreen_strep_02	2	41	1	EVO_0403	0	NA	14.433833333333332	0.4072	0.08233333333333334
bioscreen_strep_02	2	42	2	EVO_0403	0	NA	15.254716666666667	0.45266666666666666	0.08133333333333334
bioscreen_strep_02	2	43	3	EVO_0403	0	NA	15.37055	0.45766666666666667	0.08133333333333334
bioscreen_strep_02	2	44	4	EVO_0403	0	NA	15.263877777777777	0.45366666666666666	0.081
bioscreen_strep_02	2	45	5	EVO_0403	0	NA	15.316027777777778	0.4646666666666667	0.081
bioscreen_strep_02	2	46	1	EVO_1287	0	NA	16.63953888888889	0.479	0.08133333333333334
bioscreen_strep_02	2	47	2	EVO_1287	0	NA	16.562827777777777	0.474	0.08066666666666666
bioscreen_strep_02	2	48	3	EVO_1287	0	NA	16.72182777777778	0.475	0.08166666666666667
bioscreen_strep_02	2	49	4	EVO_1287	0	NA	16.376994444444446	0.4633333333333334	0.08233333333333334
bioscreen_strep_02	2	50	5	EVO_1287	0	NA	16.96535	0.5066666666666667	0.08233333333333334
bioscreen_strep_02	2	51	1	EVO_1896	0	NA	14.868477777777779	0.5206000000000001	0.08133333333333334
bioscreen_strep_02	2	52	2	EVO_1896	0	NA	15.007122222222222	0.512	0.081
bioscreen_strep_02	2	53	3	EVO_1896	0	NA	15.102772222222223	0.51	0.081
bioscreen_strep_02	2	54	4	EVO_1896	0	NA	15.060827777777778	0.5096	0.08033333333333334
bioscreen_strep_02	2	55	5	EVO_1896	0	NA	15.004938888888889	0.5086	0.081
bioscreen_strep_02	2	56	1	EVO_1977	0	NA	23.99166111111111	0.7814	0.08133333333333334
bioscreen_strep_02	2	57	2	EVO_1977	0	NA	23.987683333333333	0.7832	0.08133333333333334
bioscreen_strep_02	2	58	3	EVO_1977	0	NA	23.950205555555556	0.7818	0.08233333333333334
bioscreen_strep_02	2	59	4	EVO_1977	0	NA	23.89961111111111	0.7798	0.08266666666666667
bioscreen_strep_02	2	60	5	EVO_1977	0	NA	23.807244444444443	0.7676000000000001	0.084
bioscreen_strep_02	2	61	1	EVO_0403	4	NA	15.232088888888889	0.44266666666666665	0.08266666666666667
bioscreen_strep_02	2	62	2	EVO_0403	4	NA	15.300461111111112	0.431	0.082
bioscreen_strep_02	2	63	3	EVO_0403	4	NA	15.27671111111111	0.4316	0.08133333333333334
bioscreen_strep_02	2	64	4	EVO_0403	4	NA	15.372394444444444	0.4304	0.08133333333333334
bioscreen_strep_02	2	65	5	EVO_0403	4	NA	15.296616666666667	0.4284	0.08333333333333334
bioscreen_strep_02	2	66	1	EVO_1287	4	NA	15.931811111111111	0.4304	0.08033333333333334
bioscreen_strep_02	2	67	2	EVO_1287	4	NA	15.975144444444444	0.4318	0.08033333333333334
bioscreen_strep_02	2	68	3	EVO_1287	4	NA	15.872144444444444	0.4266	0.08066666666666666
bioscreen_strep_02	2	69	4	EVO_1287	4	NA	15.835744444444444	0.4258	0.08133333333333334
bioscreen_strep_02	2	70	5	EVO_1287	4	NA	16.20568888888889	0.438	0.08233333333333334
bioscreen_strep_02	2	71	1	EVO_1896	4	NA	15.034666666666666	0.5178	0.08133333333333334
bioscreen_strep_02	2	72	2	EVO_1896	4	NA	14.790983333333333	0.5	0.08133333333333334
bioscreen_strep_02	2	73	3	EVO_1896	4	NA	14.814333333333334	0.4988	0.08033333333333334
bioscreen_strep_02	2	74	4	EVO_1896	4	NA	14.696016666666667	0.495	0.081
bioscreen_strep_02	2	75	5	EVO_1896	4	NA	14.435355555555555	0.481	0.08133333333333334
bioscreen_strep_02	2	76	1	EVO_1977	4	NA	23.7982	0.7724	0.08133333333333334
bioscreen_strep_02	2	77	2	EVO_1977	4	NA	23.690372222222223	0.7686000000000001	0.08133333333333334
bioscreen_strep_02	2	78	3	EVO_1977	4	NA	23.6722	0.775	0.082
bioscreen_strep_02	2	79	4	EVO_1977	4	NA	23.752855555555556	0.7788	0.083
bioscreen_strep_02	2	80	5	EVO_1977	4	NA	23.618927777777778	0.764	0.084
bioscreen_strep_02	2	81	1	EVO_0403	8	NA	15.214127777777778	0.4348	0.083
bioscreen_strep_02	2	82	2	EVO_0403	8	NA	15.283661111111112	0.4296	0.08233333333333334
bioscreen_strep_02	2	83	3	EVO_0403	8	NA	15.154522222222223	0.4208	0.08133333333333334
bioscreen_strep_02	2	84	4	EVO_0403	8	NA	15.123855555555556	0.4168	0.08133333333333334
bioscreen_strep_02	2	85	5	EVO_0403	8	NA	14.927061111111112	0.41319999999999996	0.08033333333333334
bioscreen_strep_02	2	86	1	EVO_1287	8	NA	15.192222222222222	0.403	0.08033333333333334
bioscreen_strep_02	2	87	2	EVO_1287	8	NA	15.026872222222222	0.399	0.08033333333333334
bioscreen_strep_02	2	88	3	EVO_1287	8	NA	15.08403888888889	0.402	0.08033333333333334
bioscreen_strep_02	2	89	4	EVO_1287	8	NA	15.751538888888888	0.4244	0.08133333333333334
bioscreen_strep_02	2	90	5	EVO_1287	8	NA	15.720855555555556	0.4224	0.08233333333333334
bioscreen_strep_02	2	91	1	EVO_1896	8	NA	14.861477777777777	0.5095000000000001	0.08233333333333334
bioscreen_strep_02	2	92	2	EVO_1896	8	NA	14.820522222222221	0.502	0.08133333333333334
bioscreen_strep_02	2	93	3	EVO_1896	8	NA	14.803366666666667	0.4988	0.08133333333333334
bioscreen_strep_02	2	94	4	EVO_1896	8	NA	14.63818888888889	0.494	0.08133333333333334
bioscreen_strep_02	2	95	5	EVO_1896	8	NA	14.604644444444444	0.4895	0.08133333333333334
bioscreen_strep_02	2	96	1	EVO_1977	8	NA	23.454455555555555	0.766	0.08266666666666667
bioscreen_strep_02	2	97	2	EVO_1977	8	NA	23.70203888888889	0.768	0.08133333333333334
bioscreen_strep_02	2	98	3	EVO_1977	8	NA	23.533772222222222	0.7702	0.08166666666666667
bioscreen_strep_02	2	99	4	EVO_1977	8	NA	23.71875	0.7718	0.083
bioscreen_strep_02	2	100	5	EVO_1977	8	NA	23.657916666666665	0.7608	0.08333333333333334
bioscreen_strep_02	2	101	1	EVO_0403	16	NA	15.293216666666666	0.441	0.08333333333333334
bioscreen_strep_02	2	102	2	EVO_0403	16	NA	15.228922222222222	0.4244	0.08266666666666667
bioscreen_strep_02	2	103	3	EVO_0403	16	NA	15.193833333333334	0.42319999999999997	0.08233333333333334
bioscreen_strep_02	2	104	4	EVO_0403	16	NA	15.052938888888889	0.4204	0.08233333333333334
bioscreen_strep_02	2	105	5	EVO_0403	16	NA	15.072044444444444	0.4224	0.08233333333333334
bioscreen_strep_02	2	106	1	EVO_1287	16	NA	15.54935	0.42019999999999996	0.082
bioscreen_strep_02	2	107	2	EVO_1287	16	NA	15.450038888888889	0.41559999999999997	0.08133333333333334
bioscreen_strep_02	2	108	3	EVO_1287	16	NA	15.488711111111112	0.41719999999999996	0.08133333333333334
bioscreen_strep_02	2	109	4	EVO_1287	16	NA	15.827538888888888	0.43019999999999997	0.08133333333333334
bioscreen_strep_02	2	110	5	EVO_1287	16	NA	15.560688888888889	0.4224	0.08233333333333334
bioscreen_strep_02	2	111	1	EVO_1896	16	NA	14.932138888888888	0.5128	0.08266666666666667
bioscreen_strep_02	2	112	2	EVO_1896	16	NA	14.78985	0.50275	0.08233333333333334
bioscreen_strep_02	2	113	3	EVO_1896	16	NA	14.974644444444444	0.5055000000000001	0.08333333333333334
bioscreen_strep_02	2	114	4	EVO_1896	16	NA	14.898805555555555	0.5028	0.08266666666666667
bioscreen_strep_02	2	115	5	EVO_1896	16	NA	14.891516666666666	0.5028	0.08233333333333334
bioscreen_strep_02	2	116	1	EVO_1977	16	NA	23.773266666666668	0.7652	0.083
bioscreen_strep_02	2	117	2	EVO_1977	16	NA	23.692083333333333	0.7702	0.08266666666666667
bioscreen_strep_02	2	118	3	EVO_1977	16	NA	23.46545	0.7674	0.083
bioscreen_strep_02	2	119	4	EVO_1977	16	NA	23.65447222222222	0.772	0.084
bioscreen_strep_02	2	120	5	EVO_1977	16	NA	23.54785	0.7588	0.084
bioscreen_strep_02	2	121	1	EVO_0403	32	NA	15.345027777777778	0.445	0.084
bioscreen_strep_02	2	122	2	EVO_0403	32	NA	15.244794444444445	0.428	0.08433333333333334
bioscreen_strep_02	2	123	3	EVO_0403	32	NA	15.291205555555555	0.4356	0.08333333333333334
bioscreen_strep_02	2	124	4	EVO_0403	32	NA	15.304394444444444	0.43433333333333335	0.08333333333333334
bioscreen_strep_02	2	125	5	EVO_0403	32	NA	15.214227777777777	0.43533333333333335	0.08333333333333334
bioscreen_strep_02	2	126	1	EVO_1287	32	NA	16.194516666666665	0.4504	0.08333333333333334
bioscreen_strep_02	2	127	2	EVO_1287	32	NA	15.744622222222223	0.435	0.08266666666666667
bioscreen_strep_02	2	128	3	EVO_1287	32	NA	15.350188888888889	0.422	0.08333333333333334
bioscreen_strep_02	2	129	4	EVO_1287	32	NA	15.753022222222222	0.4328	0.08333333333333334
bioscreen_strep_02	2	130	5	EVO_1287	32	NA	15.452	0.44333333333333336	0.08266666666666667
bioscreen_strep_02	2	131	1	EVO_1896	32	NA	15.210511111111112	0.5533333333333333	0.08233333333333334
bioscreen_strep_02	2	132	2	EVO_1896	32	NA	14.93743888888889	0.5336666666666667	0.08366666666666667
bioscreen_strep_02	2	133	3	EVO_1896	32	NA	15.005672222222223	0.538	0.08433333333333334
bioscreen_strep_02	2	134	4	EVO_1896	32	NA	15.148894444444444	0.5423333333333333	0.08433333333333334
bioscreen_strep_02	2	135	5	EVO_1896	32	NA	15.1539	0.5426666666666667	0.08433333333333334
bioscreen_strep_02	2	136	1	EVO_1977	32	NA	23.704438888888888	0.769	0.08366666666666667
bioscreen_strep_02	2	137	2	EVO_1977	32	NA	23.560944444444445	0.769	0.08433333333333334
bioscreen_strep_02	2	138	3	EVO_1977	32	NA	23.507016666666665	0.7648	0.084
bioscreen_strep_02	2	139	4	EVO_1977	32	NA	23.525477777777777	0.7718	0.08433333333333334
bioscreen_strep_02	2	140	5	EVO_1977	32	NA	24.323716666666666	0.7472	0.084
bioscreen_strep_03	1	1	1	EVO_0403	64	NA	14.051022222222223	0.392	0.08166666666666667
bioscreen_strep_03	1	2	2	EVO_0403	64	NA	15.045277777777779	0.4406	0.081
bioscreen_strep_03	1	3	3	EVO_0403	64	NA	15.081316666666666	0.44433333333333336	0.08066666666666666
bioscreen_strep_03	1	4	4	EVO_0403	64	NA	14.918	0.44233333333333336	0.07966666666666666
bioscreen_strep_03	1	5	5	EVO_0403	64	NA	14.96256111111111	0.453	0.07966666666666666
bioscreen_strep_03	1	6	1	EVO_1287	64	NA	16.663338888888887	0.487	0.08
bioscreen_strep_03	1	7	2	EVO_1287	64	NA	16.636155555555554	0.4838	0.08
bioscreen_strep_03	1	8	3	EVO_1287	64	NA	16.853283333333334	0.4878	0.08
bioscreen_strep_03	1	9	4	EVO_1287	64	NA	16.63945	0.47819999999999996	0.08066666666666666
bioscreen_strep_03	1	10	5	EVO_1287	64	NA	17.456283333333335	0.52875	0.08066666666666666
bioscreen_strep_03	1	11	1	EVO_1896	64	NA	15.115533333333333	0.5386000000000001	0.08033333333333334
bioscreen_strep_03	1	12	2	EVO_1896	64	NA	15.289466666666668	0.527	0.07966666666666666
bioscreen_strep_03	1	13	3	EVO_1896	64	NA	15.501844444444444	0.5374	0.079
bioscreen_strep_03	1	14	4	EVO_1896	64	NA	15.449677777777778	0.5344	0.079
bioscreen_strep_03	1	15	5	EVO_1896	64	NA	15.465661111111112	0.533	0.08033333333333334
bioscreen_strep_03	1	16	1	EVO_1977	64	NA	24.402911111111113	0.7742	0.07966666666666666
bioscreen_strep_03	1	17	2	EVO_1977	64	NA	24.554366666666667	0.7792	0.08
bioscreen_strep_03	1	18	3	EVO_1977	64	NA	24.39985	0.782	0.08033333333333334
bioscreen_strep_03	1	19	4	EVO_1977	64	NA	24.48097222222222	0.781	0.08066666666666666
bioscreen_strep_03	1	20	5	EVO_1977	64	NA	24.755233333333333	0.773	0.08233333333333334
bioscreen_strep_03	1	21	1	EVO_0403	128	NA	14.663377777777777	0.42719999999999997	0.082
bioscreen_strep_03	1	22	2	EVO_0403	128	NA	14.92225	0.4378	0.08166666666666667
bioscreen_strep_03	1	23	3	EVO_0403	128	NA	14.880994444444445	0.4374	0.08
bioscreen_strep_03	1	24	4	EVO_0403	128	NA	14.994333333333334	0.4428	0.08066666666666666
bioscreen_strep_03	1	25	5	EVO_0403	128	NA	14.906305555555555	0.4408	0.08
bioscreen_strep_03	1	26	1	EVO_1287	128	NA	16.218916666666665	0.4452	0.08033333333333334
bioscreen_strep_03	1	27	2	EVO_1287	128	NA	16.12563888888889	0.442	0.08
bioscreen_strep_03	1	28	3	EVO_1287	128	NA	15.917344444444444	0.4362	0.08
bioscreen_strep_03	1	29	4	EVO_1287	128	NA	15.985294444444444	0.4424	0.08033333333333334
bioscreen_strep_03	1	30	5	EVO_1287	128	NA	16.197622222222222	0.44780000000000003	0.08133333333333334
bioscreen_strep_03	1	31	1	EVO_1896	128	NA	15.474077777777778	0.5362	0.08133333333333334
bioscreen_strep_03	1	32	2	EVO_1896	128	NA	15.175205555555555	0.507	0.08033333333333334
bioscreen_strep_03	1	33	3	EVO_1896	128	NA	15.243516666666666	0.5128	0.08
bioscreen_strep_03	1	34	4	EVO_1896	128	NA	15.120516666666667	0.5118	0.07933333333333334
bioscreen_strep_03	1	35	5	EVO_1896	128	NA	14.900744444444443	0.496	0.07933333333333334
bioscreen_strep_03	1	36	1	EVO_1977	128	NA	24.022516666666668	0.7636000000000001	0.07933333333333334
bioscreen_strep_03	1	37	2	EVO_1977	128	NA	24.070644444444444	0.769	0.08
bioscreen_strep_03	1	38	3	EVO_1977	128	NA	23.974816666666666	0.7682	0.08033333333333334
bioscreen_strep_03	1	39	4	EVO_1977	128	NA	23.94087222222222	0.772	0.08133333333333334
bioscreen_strep_03	1	40	5	EVO_1977	128	NA	24.004616666666667	0.7578	0.08133333333333334
bioscreen_strep_03	1	41	1	EVO_0403	256	NA	14.544677777777778	0.42719999999999997	0.08233333333333334
bioscreen_strep_03	1	42	2	EVO_0403	256	NA	14.815444444444445	0.4334	0.08166666666666667
bioscreen_strep_03	1	43	3	EVO_0403	256	NA	14.772983333333332	0.4264	0.08133333333333334
bioscreen_strep_03	1	44	4	EVO_0403	256	NA	14.458427777777779	0.41759999999999997	0.08033333333333334
bioscreen_strep_03	1	45	5	EVO_0403	256	NA	14.571977777777779	0.413	0.08033333333333334
bioscreen_strep_03	1	46	1	EVO_1287	256	NA	15.625855555555555	0.423	0.08033333333333334
bioscreen_strep_03	1	47	2	EVO_1287	256	NA	15.62725	0.422	0.08033333333333334
bioscreen_strep_03	1	48	3	EVO_1287	256	NA	15.619388888888889	0.4218	0.08
bioscreen_strep_03	1	49	4	EVO_1287	256	NA	16.06235	0.4374	0.08033333333333334
bioscreen_strep_03	1	50	5	EVO_1287	256	NA	16.184355555555555	0.44	0.08133333333333334
bioscreen_strep_03	1	51	1	EVO_1896	256	NA	15.275477777777779	0.5258	0.08233333333333334
bioscreen_strep_03	1	52	2	EVO_1896	256	NA	15.233683333333333	0.5128	0.08133333333333334
bioscreen_strep_03	1	53	3	EVO_1896	256	NA	15.21573888888889	0.5088	0.08233333333333334
bioscreen_strep_03	1	54	4	EVO_1896	256	NA	15.007472222222223	0.5008	0.08066666666666666
bioscreen_strep_03	1	55	5	EVO_1896	256	NA	14.995644444444444	0.5022	0.08033333333333334
bioscreen_strep_03	1	56	1	EVO_1977	256	NA	23.57968888888889	0.7588	0.08033333333333334
bioscreen_strep_03	1	57	2	EVO_1977	256	NA	24.109355555555556	0.7718	0.08066666666666666
bioscreen_strep_03	1	58	3	EVO_1977	256	NA	23.79681111111111	0.769	0.081
bioscreen_strep_03	1	59	4	EVO_1977	256	NA	24.00797777777778	0.7704	0.082
bioscreen_strep_03	1	60	5	EVO_1977	256	NA	24.150772222222223	0.7482	0.08233333333333334
bioscreen_strep_03	1	61	1	EVO_0403	512	NA	14.164416666666666	0.422	0.083
bioscreen_strep_03	1	62	2	EVO_0403	512	NA	14.446772222222222	0.41819999999999996	0.083
bioscreen_strep_03	1	63	3	EVO_0403	512	NA	14.35666111111111	0.41719999999999996	0.082
bioscreen_strep_03	1	64	4	EVO_0403	512	NA	14.293994444444445	0.4124	0.082
bioscreen_strep_03	1	65	5	EVO_0403	512	NA	14.353161111111111	0.41559999999999997	0.082
bioscreen_strep_03	1	66	1	EVO_1287	512	NA	15.9485	0.4314	0.08133333333333334
bioscreen_strep_03	1	67	2	EVO_1287	512	NA	16.040433333333333	0.4336	0.082
bioscreen_strep_03	1	68	3	EVO_1287	512	NA	16.083272222222224	0.4356	0.081
bioscreen_strep_03	1	69	4	EVO_1287	512	NA	16.12716111111111	0.4386	0.081
bioscreen_strep_03	1	70	5	EVO_1287	512	NA	16.2666	0.44580000000000003	0.083
bioscreen_strep_03	1	71	1	EVO_1896	512	NA	15.435327777777777	0.5318	0.082
bioscreen_strep_03	1	72	2	EVO_1896	512	NA	15.315955555555556	0.5148	0.082
bioscreen_strep_03	1	73	3	EVO_1896	512	NA	15.533661111111112	0.5248	0.083
bioscreen_strep_03	1	74	4	EVO_1896	512	NA	15.34845	0.519	0.082
bioscreen_strep_03	1	75	5	EVO_1896	512	NA	15.392811111111111	0.5162	0.082
bioscreen_strep_03	1	76	1	EVO_1977	512	NA	23.7297	0.7608	0.08233333333333334
bioscreen_strep_03	1	77	2	EVO_1977	512	NA	23.783933333333334	0.76	0.082
bioscreen_strep_03	1	78	3	EVO_1977	512	NA	23.63298888888889	0.7612	0.082
bioscreen_strep_03	1	79	4	EVO_1977	512	NA	23.618533333333332	0.761	0.08233333333333334
bioscreen_strep_03	1	80	5	EVO_1977	512	NA	23.672283333333333	0.7378	0.083
bioscreen_strep_03	1	81	1	EVO_0403	1024	NA	13.944888888888888	0.4078	0.08333333333333334
bioscreen_strep_03	1	82	2	EVO_0403	1024	NA	14.0751	0.41319999999999996	0.083
bioscreen_strep_03	1	83	3	EVO_0403	1024	NA	14.051616666666666	0.41559999999999997	0.08266666666666667
bioscreen_strep_03	1	84	4	EVO_0403	1024	NA	14.015	0.421	0.083
bioscreen_strep_03	1	85	5	EVO_0403	1024	NA	13.991177777777779	0.4092	0.08233333333333334
bioscreen_strep_03	1	86	1	EVO_1287	1024	NA	15.912655555555554	0.4394	0.082
bioscreen_strep_03	1	87	2	EVO_1287	1024	NA	15.712472222222221	0.434	0.082
bioscreen_strep_03	1	88	3	EVO_1287	1024	NA	15.36298888888889	0.4238	0.082
bioscreen_strep_03	1	89	4	EVO_1287	1024	NA	15.66681111111111	0.4352	0.082
bioscreen_strep_03	1	90	5	EVO_1287	1024	NA	15.742144444444445	0.4424	0.082
bioscreen_strep_03	1	91	1	EVO_1896	1024	NA	15.915711111111111	0.5811999999999999	0.082
bioscreen_strep_03	1	92	2	EVO_1896	1024	NA	15.548972222222222	0.55	0.083
bioscreen_strep_03	1	93	3	EVO_1896	1024	NA	15.736433333333334	0.5558000000000001	0.083
bioscreen_strep_03	1	94	4	EVO_1896	1024	NA	15.764244444444445	0.5562	0.083
bioscreen_strep_03	1	95	5	EVO_1896	1024	NA	15.821133333333334	0.5562	0.08333333333333334
bioscreen_strep_03	1	96	1	EVO_1977	1024	NA	23.47097777777778	0.737	0.083
bioscreen_strep_03	1	97	2	EVO_1977	1024	NA	23.266477777777776	0.7368	0.083
bioscreen_strep_03	1	98	3	EVO_1977	1024	NA	23.214583333333334	0.7366	0.083
bioscreen_strep_03	1	99	4	EVO_1977	1024	NA	23.27581111111111	0.7348	0.08233333333333334
bioscreen_strep_03	1	100	5	EVO_1977	1024	NA	24.023333333333333	0.7312	0.082
bioscreen_strep_03	2	101	1	EVO_0403	2048	NA	13.523333333333333	0.398	0.082
bioscreen_strep_03	2	102	2	EVO_0403	2048	NA	13.453811111111111	0.39880000000000004	0.081
bioscreen_strep_03	2	103	3	EVO_0403	2048	NA	13.310755555555556	0.3986	0.081
bioscreen_strep_03	2	104	4	EVO_0403	2048	NA	13.496205555555555	0.39740000000000003	0.08066666666666666
bioscreen_strep_03	2	105	5	EVO_0403	2048	NA	13.555477777777778	0.39980000000000004	0.08
bioscreen_strep_03	2	106	1	EVO_1287	2048	NA	16.461850000000002	0.4686	0.08066666666666666
bioscreen_strep_03	2	107	2	EVO_1287	2048	NA	16.597805555555556	0.47159999999999996	0.08
bioscreen_strep_03	2	108	3	EVO_1287	2048	NA	16.719638888888888	0.47359999999999997	0.081
bioscreen_strep_03	2	109	4	EVO_1287	2048	NA	16.36476111111111	0.461	0.081
bioscreen_strep_03	2	110	5	EVO_1287	2048	NA	16.881394444444446	0.49066666666666664	0.081
bioscreen_strep_03	2	111	1	EVO_1896	2048	NA	15.564955555555557	0.5368	0.082
bioscreen_strep_03	2	112	2	EVO_1896	2048	NA	15.62413888888889	0.5328	0.081
bioscreen_strep_03	2	113	3	EVO_1896	2048	NA	15.765705555555556	0.5386000000000001	0.08033333333333334
bioscreen_strep_03	2	114	4	EVO_1896	2048	NA	17.98993888888889	0.6088	0.08
bioscreen_strep_03	2	115	5	EVO_1896	2048	NA	15.82981111111111	0.5455000000000001	0.08033333333333334
bioscreen_strep_03	2	116	1	EVO_1977	2048	NA	23.179183333333334	0.7408	0.08066666666666666
bioscreen_strep_03	2	117	2	EVO_1977	2048	NA	23.398688888888888	0.745	0.08066666666666666
bioscreen_strep_03	2	118	3	EVO_1977	2048	NA	23.279227777777777	0.7474	0.08166666666666667
bioscreen_strep_03	2	119	4	EVO_1977	2048	NA	23.267688888888888	0.7444	0.082
bioscreen_strep_03	2	120	5	EVO_1977	2048	NA	23.079366666666665	0.7268	0.08233333333333334
bioscreen_strep_03	2	121	1	EVO_0403	4096	NA	12.977855555555555	0.3824	0.082
bioscreen_strep_03	2	122	2	EVO_0403	4096	NA	13.517788888888889	0.39233333333333337	0.081
bioscreen_strep_03	2	123	3	EVO_0403	4096	NA	13.714877777777778	0.4	0.08066666666666666
bioscreen_strep_03	2	124	4	EVO_0403	4096	NA	13.626183333333334	0.3925	0.08066666666666666
bioscreen_strep_03	2	125	5	EVO_0403	4096	NA	13.5615	0.39533333333333337	0.07966666666666666
bioscreen_strep_03	2	126	1	EVO_1287	4096	NA	15.757472222222223	0.4234	0.08
bioscreen_strep_03	2	127	2	EVO_1287	4096	NA	16.055994444444444	0.43119999999999997	0.08
bioscreen_strep_03	2	128	3	EVO_1287	4096	NA	16.219822222222223	0.4362	0.08
bioscreen_strep_03	2	129	4	EVO_1287	4096	NA	15.925011111111111	0.4308	0.08033333333333334
bioscreen_strep_03	2	130	5	EVO_1287	4096	NA	16.201161111111112	0.4404	0.081
bioscreen_strep_03	2	131	1	EVO_1896	4096	NA	15.882272222222223	0.5803333333333333	0.082
bioscreen_strep_03	2	132	2	EVO_1896	4096	NA	15.400538888888889	0.53725	0.08033333333333334
bioscreen_strep_03	2	133	3	EVO_1896	4096	NA	15.387472222222222	0.5336000000000001	0.08
bioscreen_strep_03	2	134	4	EVO_1896	4096	NA	15.208366666666667	0.53425	0.08
bioscreen_strep_03	2	135	5	EVO_1896	4096	NA	15.086022222222223	0.5178	0.08066666666666666
bioscreen_strep_03	2	136	1	EVO_1977	4096	NA	21.933344444444444	0.7	0.08
bioscreen_strep_03	2	137	2	EVO_1977	4096	NA	21.73491111111111	0.701	0.08066666666666666
bioscreen_strep_03	2	138	3	EVO_1977	4096	NA	21.689727777777776	0.699	0.08066666666666666
bioscreen_strep_03	2	139	4	EVO_1977	4096	NA	21.689266666666665	0.7008	0.083
bioscreen_strep_03	2	140	5	EVO_1977	4096	NA	22.5599	0.7091999999999999	0.083
bioscreen_pairwise_filtrates_01	1	1	1	ANC_0403	NA	ANC_0403	4.060477777777778	0.086	0.08166666666666667
bioscreen_pairwise_filtrates_01	1	2	2	ANC_0403	NA	ANC_0403	4.043833333333334	0.0854	0.08166666666666667
bioscreen_pairwise_filtrates_01	1	3	3	ANC_0403	NA	ANC_0403	4.014816666666667	0.085	0.081
bioscreen_pairwise_filtrates_01	1	4	4	ANC_0403	NA	ANC_0403	3.9924222222222223	0.0844	0.08033333333333334
bioscreen_pairwise_filtrates_01	1	5	5	ANC_0403	NA	ANC_0403	4.0166055555555555	0.085	0.08033333333333334
bioscreen_pairwise_filtrates_01	1	6	1	ANC_1287	NA	ANC_0403	15.552338888888888	0.409	0.08033333333333334
bioscreen_pairwise_filtrates_01	1	7	2	ANC_1287	NA	ANC_0403	15.638783333333334	0.41033333333333333	0.08066666666666666
bioscreen_pairwise_filtrates_01	1	8	3	ANC_1287	NA	ANC_0403	15.925155555555556	0.41933333333333334	0.081
bioscreen_pairwise_filtrates_01	1	9	4	ANC_1287	NA	ANC_0403	15.408927777777778	0.4023333333333334	0.08133333333333334
bioscreen_pairwise_filtrates_01	1	10	5	ANC_1287	NA	ANC_0403	15.582083333333333	0.41766666666666663	0.08133333333333334
bioscreen_pairwise_filtrates_01	1	11	1	ANC_1896	NA	ANC_0403	14.98548888888889	0.435	0.08133333333333334
bioscreen_pairwise_filtrates_01	1	12	2	ANC_1896	NA	ANC_0403	14.947427777777778	0.4228	0.081
bioscreen_pairwise_filtrates_01	1	13	3	ANC_1896	NA	ANC_0403	14.87366111111111	0.42	0.08033333333333334
bioscreen_pairwise_filtrates_01	1	14	4	ANC_1896	NA	ANC_0403	14.736677777777777	0.4154	0.08033333333333334
bioscreen_pairwise_filtrates_01	1	15	5	ANC_1896	NA	ANC_0403	14.771661111111111	0.418	0.08033333333333334
bioscreen_pairwise_filtrates_01	1	16	1	ANC_1977	NA	ANC_0403	14.484194444444444	0.409	0.08066666666666666
bioscreen_pairwise_filtrates_01	1	17	2	ANC_1977	NA	ANC_0403	14.308666666666667	0.4036666666666667	0.08033333333333334
bioscreen_pairwise_filtrates_01	1	18	3	ANC_1977	NA	ANC_0403	14.271422222222222	0.4036666666666667	0.08066666666666666
bioscreen_pairwise_filtrates_01	1	19	4	ANC_1977	NA	ANC_0403	14.171883333333334	0.4033333333333334	0.08066666666666666
bioscreen_pairwise_filtrates_01	1	20	5	ANC_1977	NA	ANC_0403	14.779411111111111	0.435	0.08166666666666667
bioscreen_pairwise_filtrates_01	1	21	1	ANC_0403	NA	EVO_0403	4.0425	0.08533333333333333	0.08166666666666667
bioscreen_pairwise_filtrates_01	1	22	2	ANC_0403	NA	EVO_0403	4.034755555555556	0.085	0.08133333333333334
bioscreen_pairwise_filtrates_01	1	23	3	ANC_0403	NA	EVO_0403	4.025277777777778	0.085	0.08066666666666666
bioscreen_pairwise_filtrates_01	1	24	4	ANC_0403	NA	EVO_0403	4.001311111111112	0.0844	0.08033333333333334
bioscreen_pairwise_filtrates_01	1	25	5	ANC_0403	NA	EVO_0403	4.011788888888889	0.0848	0.08066666666666666
bioscreen_pairwise_filtrates_01	1	26	1	ANC_1287	NA	EVO_0403	15.732005555555556	0.41559999999999997	0.08033333333333334
bioscreen_pairwise_filtrates_01	1	27	2	ANC_1287	NA	EVO_0403	16.066755555555556	0.4256	0.081
bioscreen_pairwise_filtrates_01	1	28	3	ANC_1287	NA	EVO_0403	16.168755555555556	0.4296	0.081
bioscreen_pairwise_filtrates_01	1	29	4	ANC_1287	NA	EVO_0403	16.31777222222222	0.432	0.08066666666666666
bioscreen_pairwise_filtrates_01	1	30	5	ANC_1287	NA	EVO_0403	16.379755555555555	0.427	0.081
bioscreen_pairwise_filtrates_01	1	31	1	ANC_1896	NA	EVO_0403	15.4171	0.4396	0.081
bioscreen_pairwise_filtrates_01	1	32	2	ANC_1896	NA	EVO_0403	14.941877777777778	0.4226	0.08066666666666666
bioscreen_pairwise_filtrates_01	1	33	3	ANC_1896	NA	EVO_0403	14.660605555555556	0.41219999999999996	0.081
bioscreen_pairwise_filtrates_01	1	34	4	ANC_1896	NA	EVO_0403	14.569066666666666	0.41019999999999995	0.08066666666666666
bioscreen_pairwise_filtrates_01	1	35	5	ANC_1896	NA	EVO_0403	14.280583333333334	0.4022	0.08066666666666666
bioscreen_pairwise_filtrates_01	1	36	1	ANC_1977	NA	EVO_0403	14.896705555555556	0.4148	0.08
bioscreen_pairwise_filtrates_01	1	37	2	ANC_1977	NA	EVO_0403	15.002666666666666	0.41419999999999996	0.08066666666666666
bioscreen_pairwise_filtrates_01	1	38	3	ANC_1977	NA	EVO_0403	15.155522222222222	0.42	0.08033333333333334
bioscreen_pairwise_filtrates_01	1	39	4	ANC_1977	NA	EVO_0403	15.33236111111111	0.4224	0.08066666666666666
bioscreen_pairwise_filtrates_01	1	40	5	ANC_1977	NA	EVO_0403	16.179705555555557	0.475	0.08133333333333334
bioscreen_pairwise_filtrates_01	1	41	1	ANC_0403	NA	ANC_1287	4.825	0.12279999999999999	0.08166666666666667
bioscreen_pairwise_filtrates_01	1	42	2	ANC_0403	NA	ANC_1287	4.858666666666666	0.1208	0.08066666666666666
bioscreen_pairwise_filtrates_01	1	43	3	ANC_0403	NA	ANC_1287	4.871105555555555	0.1192	0.08066666666666666
bioscreen_pairwise_filtrates_01	1	44	4	ANC_0403	NA	ANC_1287	4.823183333333334	0.117	0.07966666666666666
bioscreen_pairwise_filtrates_01	1	45	5	ANC_0403	NA	ANC_1287	4.798994444444444	0.1164	0.07966666666666666
bioscreen_pairwise_filtrates_01	1	46	1	ANC_1287	NA	ANC_1287	4.11285	0.08979999999999999	0.07966666666666666
bioscreen_pairwise_filtrates_01	1	47	2	ANC_1287	NA	ANC_1287	4.086955555555556	0.08879999999999999	0.07966666666666666
bioscreen_pairwise_filtrates_01	1	48	3	ANC_1287	NA	ANC_1287	4.066455555555556	0.08779999999999999	0.07966666666666666
bioscreen_pairwise_filtrates_01	1	49	4	ANC_1287	NA	ANC_1287	4.034516666666667	0.0858	0.07966666666666666
bioscreen_pairwise_filtrates_01	1	50	5	ANC_1287	NA	ANC_1287	4.067227777777778	0.08639999999999999	0.08033333333333334
bioscreen_pairwise_filtrates_01	1	51	1	ANC_1896	NA	ANC_1287	8.297266666666667	0.24266666666666667	0.08133333333333334
bioscreen_pairwise_filtrates_01	1	52	2	ANC_1896	NA	ANC_1287	8.42741111111111	0.2315	0.08033333333333334
bioscreen_pairwise_filtrates_01	1	53	3	ANC_1896	NA	ANC_1287	8.16238888888889	0.2168	0.08066666666666666
bioscreen_pairwise_filtrates_01	1	54	4	ANC_1896	NA	ANC_1287	7.929383333333333	0.2094	0.07966666666666666
bioscreen_pairwise_filtrates_01	1	55	5	ANC_1896	NA	ANC_1287	8.100666666666667	0.2164	0.07966666666666666
bioscreen_pairwise_filtrates_01	1	56	1	ANC_1977	NA	ANC_1287	6.299055555555555	0.1798	0.07966666666666666
bioscreen_pairwise_filtrates_01	1	57	2	ANC_1977	NA	ANC_1287	6.322533333333333	0.18233333333333332	0.07966666666666666
bioscreen_pairwise_filtrates_01	1	58	3	ANC_1977	NA	ANC_1287	6.380405555555556	0.18833333333333332	0.08
bioscreen_pairwise_filtrates_01	1	59	4	ANC_1977	NA	ANC_1287	6.2702	0.18133333333333332	0.08066666666666666
bioscreen_pairwise_filtrates_01	1	60	5	ANC_1977	NA	ANC_1287	5.566105555555556	0.14366666666666666	0.08166666666666667
bioscreen_pairwise_filtrates_01	1	61	1	ANC_0403	NA	EVO_1287	7.916438888888889	0.274	0.08166666666666667
bioscreen_pairwise_filtrates_01	1	62	2	ANC_0403	NA	EVO_1287	7.534688888888889	0.2522	0.08033333333333334
bioscreen_pairwise_filtrates_01	1	63	3	ANC_0403	NA	EVO_1287	8.227255555555555	0.2934	0.07966666666666666
bioscreen_pairwise_filtrates_01	1	64	4	ANC_0403	NA	EVO_1287	8.481255555555556	0.296	0.07966666666666666
bioscreen_pairwise_filtrates_01	1	65	5	ANC_0403	NA	EVO_1287	8.402144444444444	0.2982	0.07966666666666666
bioscreen_pairwise_filtrates_01	1	66	1	ANC_1287	NA	EVO_1287	6.974983333333333	0.22840000000000002	0.07933333333333334
bioscreen_pairwise_filtrates_01	1	67	2	ANC_1287	NA	EVO_1287	6.797438888888889	0.22340000000000002	0.07866666666666666
bioscreen_pairwise_filtrates_01	1	68	3	ANC_1287	NA	EVO_1287	6.712166666666667	0.227	0.079
bioscreen_pairwise_filtrates_01	1	69	4	ANC_1287	NA	EVO_1287	6.633205555555556	0.23040000000000002	0.08
bioscreen_pairwise_filtrates_01	1	70	5	ANC_1287	NA	EVO_1287	6.21185	0.20959999999999998	0.07966666666666666
bioscreen_pairwise_filtrates_01	1	71	1	ANC_1896	NA	EVO_1287	8.406772222222223	0.24566666666666667	0.07966666666666666
bioscreen_pairwise_filtrates_01	1	72	2	ANC_1896	NA	EVO_1287	8.5979	0.25133333333333335	0.07966666666666666
bioscreen_pairwise_filtrates_01	1	73	3	ANC_1896	NA	EVO_1287	8.511566666666667	0.24533333333333332	0.07966666666666666
bioscreen_pairwise_filtrates_01	1	74	4	ANC_1896	NA	EVO_1287	8.357794444444444	0.244	0.07966666666666666
bioscreen_pairwise_filtrates_01	1	75	5	ANC_1896	NA	EVO_1287	8.662022222222221	0.253	0.07933333333333334
bioscreen_pairwise_filtrates_01	1	76	1	ANC_1977	NA	EVO_1287	8.863644444444445	0.275	0.081
bioscreen_pairwise_filtrates_01	1	77	2	ANC_1977	NA	EVO_1287	8.927338888888888	0.28	0.08033333333333334
bioscreen_pairwise_filtrates_01	1	78	3	ANC_1977	NA	EVO_1287	8.9483	0.281	0.08033333333333334
bioscreen_pairwise_filtrates_01	1	79	4	ANC_1977	NA	EVO_1287	8.833444444444444	0.28040000000000004	0.08
bioscreen_pairwise_filtrates_01	1	80	5	ANC_1977	NA	EVO_1287	8.504772222222222	0.27666666666666667	0.08066666666666666
bioscreen_pairwise_filtrates_01	1	81	1	ANC_0403	NA	ANC_1896	7.076794444444444	0.1846	0.082
bioscreen_pairwise_filtrates_01	1	82	2	ANC_0403	NA	ANC_1896	7.521933333333333	0.20133333333333334	0.08066666666666666
bioscreen_pairwise_filtrates_01	1	83	3	ANC_0403	NA	ANC_1896	7.548311111111111	0.203	0.08066666666666666
bioscreen_pairwise_filtrates_01	1	84	4	ANC_0403	NA	ANC_1896	7.54165	0.199	0.081
bioscreen_pairwise_filtrates_01	1	85	5	ANC_0403	NA	ANC_1896	7.524705555555555	0.2006666666666667	0.08066666666666666
bioscreen_pairwise_filtrates_01	1	86	1	ANC_1287	NA	ANC_1896	9.58375	0.235	0.08125
bioscreen_pairwise_filtrates_01	1	87	2	ANC_1287	NA	ANC_1896	9.433077777777777	0.231	0.081
bioscreen_pairwise_filtrates_01	1	88	3	ANC_1287	NA	ANC_1896	9.075616666666667	0.2192	0.081
bioscreen_pairwise_filtrates_01	1	89	4	ANC_1287	NA	ANC_1896	9.103411111111111	0.22440000000000002	0.08066666666666666
bioscreen_pairwise_filtrates_01	1	90	5	ANC_1287	NA	ANC_1896	8.839205555555555	0.2242	0.08033333333333334
bioscreen_pairwise_filtrates_01	1	91	1	ANC_1896	NA	ANC_1896	3.9920222222222224	0.084	0.08033333333333334
bioscreen_pairwise_filtrates_01	1	92	2	ANC_1896	NA	ANC_1896	4.013744444444445	0.0845	0.08133333333333334
bioscreen_pairwise_filtrates_01	1	93	3	ANC_1896	NA	ANC_1896	3.986188888888889	0.084	0.08133333333333334
bioscreen_pairwise_filtrates_01	1	94	4	ANC_1896	NA	ANC_1896	3.993188888888889	0.084	0.08133333333333334
bioscreen_pairwise_filtrates_01	1	95	5	ANC_1896	NA	ANC_1896	4.007000000000001	0.084	0.082
bioscreen_pairwise_filtrates_01	1	96	1	ANC_1977	NA	ANC_1896	11.482088888888889	0.30674999999999997	0.08166666666666667
bioscreen_pairwise_filtrates_01	1	97	2	ANC_1977	NA	ANC_1896	11.12365	0.2918	0.08133333333333334
bioscreen_pairwise_filtrates_01	1	98	3	ANC_1977	NA	ANC_1896	11.245627777777777	0.29574999999999996	0.081
bioscreen_pairwise_filtrates_01	1	99	4	ANC_1977	NA	ANC_1896	11.33018888888889	0.305	0.08033333333333334
bioscreen_pairwise_filtrates_01	1	100	5	ANC_1977	NA	ANC_1896	10.926227777777777	0.30419999999999997	0.08066666666666666
bioscreen_pairwise_filtrates_01	2	101	1	ANC_0403	NA	EVO_1896	6.307666666666667	0.166	0.08066666666666666
bioscreen_pairwise_filtrates_01	2	102	2	ANC_0403	NA	EVO_1896	6.725866666666667	0.1812	0.08033333333333334
bioscreen_pairwise_filtrates_01	2	103	3	ANC_0403	NA	EVO_1896	6.318461111111111	0.171	0.079
bioscreen_pairwise_filtrates_01	2	104	4	ANC_0403	NA	EVO_1896	6.175188888888889	0.1704	0.079
bioscreen_pairwise_filtrates_01	2	105	5	ANC_0403	NA	EVO_1896	6.217411111111111	0.17020000000000002	0.07833333333333334
bioscreen_pairwise_filtrates_01	2	106	1	ANC_1287	NA	EVO_1896	9.480316666666667	0.2326	0.079
bioscreen_pairwise_filtrates_01	2	107	2	ANC_1287	NA	EVO_1896	9.439705555555555	0.23220000000000002	0.079
bioscreen_pairwise_filtrates_01	2	108	3	ANC_1287	NA	EVO_1896	9.694394444444445	0.24159999999999998	0.07833333333333334
bioscreen_pairwise_filtrates_01	2	109	4	ANC_1287	NA	EVO_1896	9.397144444444445	0.229	0.079
bioscreen_pairwise_filtrates_01	2	110	5	ANC_1287	NA	EVO_1896	9.438294444444445	0.23140000000000002	0.07966666666666666
bioscreen_pairwise_filtrates_01	2	111	1	ANC_1896	NA	EVO_1896	4.008166666666667	0.085	0.079
bioscreen_pairwise_filtrates_01	2	112	2	ANC_1896	NA	EVO_1896	3.996316666666667	0.0844	0.079
bioscreen_pairwise_filtrates_01	2	113	3	ANC_1896	NA	EVO_1896	4.00915	0.085	0.079
bioscreen_pairwise_filtrates_01	2	114	4	ANC_1896	NA	EVO_1896	3.9801111111111114	0.084	0.07866666666666666
bioscreen_pairwise_filtrates_01	2	115	5	ANC_1896	NA	EVO_1896	4.012111111111111	0.085	0.07966666666666666
bioscreen_pairwise_filtrates_01	2	116	1	ANC_1977	NA	EVO_1896	11.763422222222223	0.321	0.07933333333333334
bioscreen_pairwise_filtrates_01	2	117	2	ANC_1977	NA	EVO_1896	10.78358888888889	0.291	0.07833333333333334
bioscreen_pairwise_filtrates_01	2	118	3	ANC_1977	NA	EVO_1896	10.71796111111111	0.28966666666666663	0.079
bioscreen_pairwise_filtrates_01	2	119	4	ANC_1977	NA	EVO_1896	10.818777777777777	0.294	0.07966666666666666
bioscreen_pairwise_filtrates_01	2	120	5	ANC_1977	NA	EVO_1896	11.355105555555555	0.31866666666666665	0.08066666666666666
bioscreen_pairwise_filtrates_01	2	121	1	ANC_0403	NA	ANC_1977	4.280627777777777	0.091	0.08366666666666667
bioscreen_pairwise_filtrates_01	2	122	2	ANC_0403	NA	ANC_1977	4.252183333333333	0.0906	0.08266666666666667
bioscreen_pairwise_filtrates_01	2	123	3	ANC_0403	NA	ANC_1977	4.2466277777777774	0.0902	0.08266666666666667
bioscreen_pairwise_filtrates_01	2	124	4	ANC_0403	NA	ANC_1977	4.245227777777777	0.0904	0.08233333333333334
bioscreen_pairwise_filtrates_01	2	125	5	ANC_0403	NA	ANC_1977	4.2057722222222225	0.08966666666666666	0.08166666666666667
bioscreen_pairwise_filtrates_01	2	126	1	ANC_1287	NA	ANC_1977	5.816	0.16033333333333333	0.08166666666666667
bioscreen_pairwise_filtrates_01	2	127	2	ANC_1287	NA	ANC_1977	5.79265	0.15933333333333333	0.08266666666666667
bioscreen_pairwise_filtrates_01	2	128	3	ANC_1287	NA	ANC_1977	5.733666666666666	0.15633333333333332	0.08166666666666667
bioscreen_pairwise_filtrates_01	2	129	4	ANC_1287	NA	ANC_1977	5.617994444444444	0.14966666666666667	0.082
bioscreen_pairwise_filtrates_01	2	130	5	ANC_1287	NA	ANC_1977	5.3135	0.133	0.084
bioscreen_pairwise_filtrates_01	2	131	1	ANC_1896	NA	ANC_1977	8.73456111111111	0.2383333333333333	0.08233333333333334
bioscreen_pairwise_filtrates_01	2	132	2	ANC_1896	NA	ANC_1977	8.781183333333333	0.2288	0.083
bioscreen_pairwise_filtrates_01	2	133	3	ANC_1896	NA	ANC_1977	8.74296111111111	0.2266	0.08266666666666667
bioscreen_pairwise_filtrates_01	2	134	4	ANC_1896	NA	ANC_1977	8.721688888888888	0.22440000000000002	0.08233333333333334
bioscreen_pairwise_filtrates_01	2	135	5	ANC_1896	NA	ANC_1977	8.652333333333333	0.223	0.082
bioscreen_pairwise_filtrates_01	2	136	1	ANC_1977	NA	ANC_1977	4.1835	0.09266666666666666	0.08233333333333334
bioscreen_pairwise_filtrates_01	2	137	2	ANC_1977	NA	ANC_1977	4.1523111111111115	0.09166666666666666	0.082
bioscreen_pairwise_filtrates_01	2	138	3	ANC_1977	NA	ANC_1977	4.126	0.09	0.082
bioscreen_pairwise_filtrates_01	2	139	4	ANC_1977	NA	ANC_1977	4.113666666666667	0.088	0.082
bioscreen_pairwise_filtrates_01	2	140	5	ANC_1977	NA	ANC_1977	4.147605555555556	0.089	0.08325
bioscreen_pairwise_filtrates_01	2	141	1	ANC_0403	NA	EVO_1977	4.272111111111111	0.0916	0.08225
bioscreen_pairwise_filtrates_01	2	142	2	ANC_0403	NA	EVO_1977	4.247	0.0906	0.08166666666666667
bioscreen_pairwise_filtrates_01	2	143	3	ANC_0403	NA	EVO_1977	4.230061111111111	0.09033333333333333	0.08133333333333334
bioscreen_pairwise_filtrates_01	2	144	4	ANC_0403	NA	EVO_1977	4.2668944444444445	0.09133333333333334	0.08133333333333334
bioscreen_pairwise_filtrates_01	2	145	5	ANC_0403	NA	EVO_1977	4.243961111111111	0.091	0.08166666666666667
bioscreen_pairwise_filtrates_01	2	146	1	ANC_1287	NA	EVO_1977	6.05015	0.16733333333333333	0.08166666666666667
bioscreen_pairwise_filtrates_01	2	147	2	ANC_1287	NA	EVO_1977	6.097377777777778	0.17033333333333334	0.08133333333333334
bioscreen_pairwise_filtrates_01	2	148	3	ANC_1287	NA	EVO_1977	6.135894444444444	0.1733333333333333	0.08133333333333334
bioscreen_pairwise_filtrates_01	2	149	4	ANC_1287	NA	EVO_1977	5.908166666666666	0.15766666666666668	0.08133333333333334
bioscreen_pairwise_filtrates_01	2	150	5	ANC_1287	NA	EVO_1977	5.302666666666667	0.13033333333333333	0.08166666666666667
bioscreen_pairwise_filtrates_01	2	151	1	ANC_1896	NA	EVO_1977	8.089588888888889	0.23033333333333333	0.083
bioscreen_pairwise_filtrates_01	2	152	2	ANC_1896	NA	EVO_1977	8.301822222222222	0.22833333333333333	0.082
bioscreen_pairwise_filtrates_01	2	153	3	ANC_1896	NA	EVO_1977	8.364027777777778	0.22733333333333333	0.08333333333333334
bioscreen_pairwise_filtrates_01	2	154	4	ANC_1896	NA	EVO_1977	8.211505555555556	0.221	0.08233333333333334
bioscreen_pairwise_filtrates_01	2	155	5	ANC_1896	NA	EVO_1977	8.121677777777778	0.21933333333333332	0.08133333333333334
bioscreen_pairwise_filtrates_01	2	156	1	ANC_1977	NA	EVO_1977	4.2345	0.092	0.083
bioscreen_pairwise_filtrates_01	2	157	2	ANC_1977	NA	EVO_1977	4.154683333333334	0.091	0.081
bioscreen_pairwise_filtrates_01	2	158	3	ANC_1977	NA	EVO_1977	4.14685	0.09	0.081
bioscreen_pairwise_filtrates_01	2	159	4	ANC_1977	NA	EVO_1977	4.172627777777778	0.091	0.08166666666666667
bioscreen_pairwise_filtrates_01	2	160	5	ANC_1977	NA	EVO_1977	4.154333333333334	0.09	0.082
bioscreen_pairwise_filtrates_02	1	1	1	EVO_0403	NA	ANC_0403	4.064333333333334	0.08633333333333333	0.08166666666666667
bioscreen_pairwise_filtrates_02	1	2	2	EVO_0403	NA	ANC_0403	4.100527777777778	0.08766666666666666	0.082
bioscreen_pairwise_filtrates_02	1	3	3	EVO_0403	NA	ANC_0403	4.044094444444444	0.086	0.08066666666666666
bioscreen_pairwise_filtrates_02	1	4	4	EVO_0403	NA	ANC_0403	4.035816666666667	0.086	0.08
bioscreen_pairwise_filtrates_02	1	5	5	EVO_0403	NA	ANC_0403	4.064272222222223	0.08633333333333333	0.081
bioscreen_pairwise_filtrates_02	1	6	1	EVO_1287	NA	ANC_0403	9.694877777777778	0.29625	0.081
bioscreen_pairwise_filtrates_02	1	7	2	EVO_1287	NA	ANC_0403	9.897227777777777	0.304	0.08133333333333334
bioscreen_pairwise_filtrates_02	1	8	3	EVO_1287	NA	ANC_0403	10.284516666666667	0.319	0.08133333333333334
bioscreen_pairwise_filtrates_02	1	9	4	EVO_1287	NA	ANC_0403	10.010766666666667	0.3085	0.08166666666666667
bioscreen_pairwise_filtrates_02	1	10	5	EVO_1287	NA	ANC_0403	10.326072222222223	0.336	0.08133333333333334
bioscreen_pairwise_filtrates_02	1	11	1	EVO_1896	NA	ANC_0403	13.675394444444445	0.4484	0.08166666666666667
bioscreen_pairwise_filtrates_02	1	12	2	EVO_1896	NA	ANC_0403	13.788088888888888	0.4344	0.081
bioscreen_pairwise_filtrates_02	1	13	3	EVO_1896	NA	ANC_0403	13.918477777777778	0.4384	0.08
bioscreen_pairwise_filtrates_02	1	14	4	EVO_1896	NA	ANC_0403	13.879311111111111	0.4364	0.08
bioscreen_pairwise_filtrates_02	1	15	5	EVO_1896	NA	ANC_0403	13.922072222222223	0.437	0.081
bioscreen_pairwise_filtrates_02	1	16	1	EVO_1977	NA	ANC_0403	15.002077777777778	0.45780000000000004	0.08
bioscreen_pairwise_filtrates_02	1	17	2	EVO_1977	NA	ANC_0403	14.914372222222223	0.45180000000000003	0.081
bioscreen_pairwise_filtrates_02	1	18	3	EVO_1977	NA	ANC_0403	14.840016666666667	0.4542	0.08066666666666666
bioscreen_pairwise_filtrates_02	1	19	4	EVO_1977	NA	ANC_0403	14.830911111111112	0.4534	0.081
bioscreen_pairwise_filtrates_02	1	20	5	EVO_1977	NA	ANC_0403	15.373727777777777	0.482	0.08166666666666667
bioscreen_pairwise_filtrates_02	1	21	1	EVO_0403	NA	EVO_0403	4.037294444444445	0.0854	0.08133333333333334
bioscreen_pairwise_filtrates_02	1	22	2	EVO_0403	NA	EVO_0403	4.024022222222222	0.08533333333333333	0.081
bioscreen_pairwise_filtrates_02	1	23	3	EVO_0403	NA	EVO_0403	4.0013000000000005	0.085	0.08
bioscreen_pairwise_filtrates_02	1	24	4	EVO_0403	NA	EVO_0403	4.005466666666667	0.085	0.081
bioscreen_pairwise_filtrates_02	1	25	5	EVO_0403	NA	EVO_0403	4.000311111111111	0.08466666666666667	0.08
bioscreen_pairwise_filtrates_02	1	26	1	EVO_1287	NA	EVO_0403	10.125483333333333	0.2746	0.08
bioscreen_pairwise_filtrates_02	1	27	2	EVO_1287	NA	EVO_0403	10.265477777777779	0.27980000000000005	0.08066666666666666
bioscreen_pairwise_filtrates_02	1	28	3	EVO_1287	NA	EVO_0403	10.385144444444444	0.282	0.08066666666666666
bioscreen_pairwise_filtrates_02	1	29	4	EVO_1287	NA	EVO_0403	10.302994444444444	0.2864	0.08066666666666666
bioscreen_pairwise_filtrates_02	1	30	5	EVO_1287	NA	EVO_0403	10.142772222222222	0.2868	0.08166666666666667
bioscreen_pairwise_filtrates_02	1	31	1	EVO_1896	NA	EVO_0403	13.471044444444445	0.431	0.08066666666666666
bioscreen_pairwise_filtrates_02	1	32	2	EVO_1896	NA	EVO_0403	13.210127777777778	0.407	0.08033333333333334
bioscreen_pairwise_filtrates_02	1	33	3	EVO_1896	NA	EVO_0403	12.957255555555555	0.4006	0.08066666666666666
bioscreen_pairwise_filtrates_02	1	34	4	EVO_1896	NA	EVO_0403	12.809255555555556	0.3952	0.08066666666666666
bioscreen_pairwise_filtrates_02	1	35	5	EVO_1896	NA	EVO_0403	12.602444444444444	0.38880000000000003	0.08033333333333334
bioscreen_pairwise_filtrates_02	1	36	1	EVO_1977	NA	EVO_0403	12.785033333333333	0.379	0.08
bioscreen_pairwise_filtrates_02	1	37	2	EVO_1977	NA	EVO_0403	12.949988888888889	0.3822	0.08
bioscreen_pairwise_filtrates_02	1	38	3	EVO_1977	NA	EVO_0403	13.033338888888888	0.3788	0.08066666666666666
bioscreen_pairwise_filtrates_02	1	39	4	EVO_1977	NA	EVO_0403	12.87036111111111	0.3882	0.08066666666666666
bioscreen_pairwise_filtrates_02	1	40	5	EVO_1977	NA	EVO_0403	13.481272222222222	0.4256	0.08166666666666667
bioscreen_pairwise_filtrates_02	1	41	1	EVO_0403	NA	ANC_1287	4.905061111111111	0.1178	0.081
bioscreen_pairwise_filtrates_02	1	42	2	EVO_0403	NA	ANC_1287	5.007005555555556	0.11766666666666667	0.08066666666666666
bioscreen_pairwise_filtrates_02	1	43	3	EVO_0403	NA	ANC_1287	5.0122277777777775	0.12233333333333334	0.08033333333333334
bioscreen_pairwise_filtrates_02	1	44	4	EVO_0403	NA	ANC_1287	4.958144444444445	0.12	0.07966666666666666
bioscreen_pairwise_filtrates_02	1	45	5	EVO_0403	NA	ANC_1287	5.020416666666667	0.12233333333333334	0.07966666666666666
bioscreen_pairwise_filtrates_02	1	46	1	EVO_1287	NA	ANC_1287	3.9725055555555557	0.084	0.07933333333333334
bioscreen_pairwise_filtrates_02	1	47	2	EVO_1287	NA	ANC_1287	3.9804611111111114	0.084	0.07966666666666666
bioscreen_pairwise_filtrates_02	1	48	3	EVO_1287	NA	ANC_1287	3.9706444444444444	0.0834	0.07966666666666666
bioscreen_pairwise_filtrates_02	1	49	4	EVO_1287	NA	ANC_1287	3.984727777777778	0.08360000000000001	0.08033333333333334
bioscreen_pairwise_filtrates_02	1	50	5	EVO_1287	NA	ANC_1287	3.998038888888889	0.084	0.08033333333333334
bioscreen_pairwise_filtrates_02	1	51	1	EVO_1896	NA	ANC_1287	6.775416666666667	0.20133333333333334	0.08066666666666666
bioscreen_pairwise_filtrates_02	1	52	2	EVO_1896	NA	ANC_1287	7.761927777777778	0.2363333333333333	0.08033333333333334
bioscreen_pairwise_filtrates_02	1	53	3	EVO_1896	NA	ANC_1287	7.841144444444445	0.22566666666666668	0.08
bioscreen_pairwise_filtrates_02	1	54	4	EVO_1896	NA	ANC_1287	7.654311111111111	0.21866666666666668	0.08
bioscreen_pairwise_filtrates_02	1	55	5	EVO_1896	NA	ANC_1287	7.675794444444445	0.22333333333333333	0.08033333333333334
bioscreen_pairwise_filtrates_02	1	56	1	EVO_1977	NA	ANC_1287	5.3422	0.16733333333333333	0.07966666666666666
bioscreen_pairwise_filtrates_02	1	57	2	EVO_1977	NA	ANC_1287	5.337055555555556	0.16933333333333334	0.08
bioscreen_pairwise_filtrates_02	1	58	3	EVO_1977	NA	ANC_1287	5.3581055555555555	0.17233333333333334	0.08
bioscreen_pairwise_filtrates_02	1	59	4	EVO_1977	NA	ANC_1287	5.3410166666666665	0.166	0.081
bioscreen_pairwise_filtrates_02	1	60	5	EVO_1977	NA	ANC_1287	5.056272222222223	0.1366666666666667	0.08166666666666667
bioscreen_pairwise_filtrates_02	1	61	1	EVO_0403	NA	EVO_1287	7.917344444444445	0.24860000000000002	0.08033333333333334
bioscreen_pairwise_filtrates_02	1	62	2	EVO_0403	NA	EVO_1287	8.383688888888889	0.265	0.08033333333333334
bioscreen_pairwise_filtrates_02	1	63	3	EVO_0403	NA	EVO_1287	8.422372222222222	0.256	0.07933333333333334
bioscreen_pairwise_filtrates_02	1	64	4	EVO_0403	NA	EVO_1287	8.252011111111111	0.2442	0.079
bioscreen_pairwise_filtrates_02	1	65	5	EVO_0403	NA	EVO_1287	8.271927777777778	0.24559999999999998	0.07866666666666666
bioscreen_pairwise_filtrates_02	1	66	1	EVO_1287	NA	EVO_1287	3.9469111111111115	0.084	0.07866666666666666
bioscreen_pairwise_filtrates_02	1	67	2	EVO_1287	NA	EVO_1287	3.939	0.08366666666666667	0.07833333333333334
bioscreen_pairwise_filtrates_02	1	68	3	EVO_1287	NA	EVO_1287	3.923188888888889	0.08320000000000001	0.07833333333333334
bioscreen_pairwise_filtrates_02	1	69	4	EVO_1287	NA	EVO_1287	3.9502444444444444	0.084	0.07866666666666666
bioscreen_pairwise_filtrates_02	1	70	5	EVO_1287	NA	EVO_1287	4.0030222222222225	0.0852	0.07933333333333334
bioscreen_pairwise_filtrates_02	1	71	1	EVO_1896	NA	EVO_1287	6.977683333333333	0.218	0.079
bioscreen_pairwise_filtrates_02	1	72	2	EVO_1896	NA	EVO_1287	7.353527777777778	0.22733333333333333	0.07933333333333334
bioscreen_pairwise_filtrates_02	1	73	3	EVO_1896	NA	EVO_1287	7.587711111111111	0.22533333333333333	0.08433333333333333
bioscreen_pairwise_filtrates_02	1	74	4	EVO_1896	NA	EVO_1287	7.3771555555555555	0.224	0.07933333333333334
bioscreen_pairwise_filtrates_02	1	75	5	EVO_1896	NA	EVO_1287	7.507155555555555	0.232	0.07933333333333334
bioscreen_pairwise_filtrates_02	1	76	1	EVO_1977	NA	EVO_1287	7.8291	0.2753333333333334	0.07966666666666666
bioscreen_pairwise_filtrates_02	1	77	2	EVO_1977	NA	EVO_1287	7.879700000000001	0.279	0.08
bioscreen_pairwise_filtrates_02	1	78	3	EVO_1977	NA	EVO_1287	7.855011111111112	0.28075000000000006	0.079
bioscreen_pairwise_filtrates_02	1	79	4	EVO_1977	NA	EVO_1287	7.8478111111111115	0.2826666666666666	0.08
bioscreen_pairwise_filtrates_02	1	80	5	EVO_1977	NA	EVO_1287	7.6818	0.282	0.081
bioscreen_pairwise_filtrates_02	1	81	1	EVO_0403	NA	ANC_1896	6.079761111111111	0.1568	0.082
bioscreen_pairwise_filtrates_02	1	82	2	EVO_0403	NA	ANC_1896	6.312711111111112	0.16933333333333334	0.08033333333333334
bioscreen_pairwise_filtrates_02	1	83	3	EVO_0403	NA	ANC_1896	6.490155555555556	0.175	0.08033333333333334
bioscreen_pairwise_filtrates_02	1	84	4	EVO_0403	NA	ANC_1896	6.412133333333333	0.17266666666666666	0.08033333333333334
bioscreen_pairwise_filtrates_02	1	85	5	EVO_0403	NA	ANC_1896	6.411133333333334	0.17266666666666666	0.08033333333333334
bioscreen_pairwise_filtrates_02	1	86	1	EVO_1287	NA	ANC_1896	5.392072222222223	0.1396666666666667	0.08466666666666667
bioscreen_pairwise_filtrates_02	1	87	2	EVO_1287	NA	ANC_1896	5.1788	0.1366666666666667	0.08033333333333334
bioscreen_pairwise_filtrates_02	1	88	3	EVO_1287	NA	ANC_1896	5.042972222222223	0.13	0.08033333333333334
bioscreen_pairwise_filtrates_02	1	89	4	EVO_1287	NA	ANC_1896	4.932594444444445	0.12466666666666666	0.08
bioscreen_pairwise_filtrates_02	1	90	5	EVO_1287	NA	ANC_1896	4.910988888888889	0.122	0.08033333333333334
bioscreen_pairwise_filtrates_02	1	91	1	EVO_1896	NA	ANC_1896	3.9675222222222226	0.08366666666666667	0.07966666666666666
bioscreen_pairwise_filtrates_02	1	92	2	EVO_1896	NA	ANC_1896	3.969727777777778	0.08333333333333334	0.08033333333333334
bioscreen_pairwise_filtrates_02	1	93	3	EVO_1896	NA	ANC_1896	3.9573944444444447	0.083	0.08066666666666666
bioscreen_pairwise_filtrates_02	1	94	4	EVO_1896	NA	ANC_1896	3.9812444444444446	0.0838	0.081
bioscreen_pairwise_filtrates_02	1	95	5	EVO_1896	NA	ANC_1896	3.98625	0.084	0.08133333333333334
bioscreen_pairwise_filtrates_02	1	96	1	EVO_1977	NA	ANC_1896	9.164433333333333	0.26080000000000003	0.08033333333333334
bioscreen_pairwise_filtrates_02	1	97	2	EVO_1977	NA	ANC_1896	9.098377777777777	0.2554	0.087
bioscreen_pairwise_filtrates_02	1	98	3	EVO_1977	NA	ANC_1896	9.112455555555556	0.2576	0.08133333333333334
bioscreen_pairwise_filtrates_02	1	99	4	EVO_1977	NA	ANC_1896	8.975683333333333	0.2558	0.08033333333333334
bioscreen_pairwise_filtrates_02	1	100	5	EVO_1977	NA	ANC_1896	8.454233333333333	0.2363333333333333	0.08066666666666666
bioscreen_pairwise_filtrates_02	2	101	1	EVO_0403	NA	EVO_1896	6.917744444444445	0.17679999999999998	0.08066666666666666
bioscreen_pairwise_filtrates_02	2	102	2	EVO_0403	NA	EVO_1896	7.287933333333333	0.19766666666666668	0.07833333333333334
bioscreen_pairwise_filtrates_02	2	103	3	EVO_0403	NA	EVO_1896	7.135222222222223	0.192	0.07833333333333334
bioscreen_pairwise_filtrates_02	2	104	4	EVO_0403	NA	EVO_1896	7.1881055555555555	0.19233333333333333	0.079
bioscreen_pairwise_filtrates_02	2	105	5	EVO_0403	NA	EVO_1896	7.270066666666667	0.19733333333333333	0.07866666666666666
bioscreen_pairwise_filtrates_02	2	106	1	EVO_1287	NA	EVO_1896	5.615211111111111	0.151	0.07866666666666666
bioscreen_pairwise_filtrates_02	2	107	2	EVO_1287	NA	EVO_1896	5.615916666666666	0.15233333333333332	0.07866666666666666
bioscreen_pairwise_filtrates_02	2	108	3	EVO_1287	NA	EVO_1896	5.61035	0.15366666666666667	0.07833333333333334
bioscreen_pairwise_filtrates_02	2	109	4	EVO_1287	NA	EVO_1896	5.575344444444444	0.15175	0.08
bioscreen_pairwise_filtrates_02	2	110	5	EVO_1287	NA	EVO_1896	5.447394444444445	0.15033333333333332	0.07933333333333334
bioscreen_pairwise_filtrates_02	2	111	1	EVO_1896	NA	EVO_1896	4.080027777777778	0.088	0.07866666666666666
bioscreen_pairwise_filtrates_02	2	112	2	EVO_1896	NA	EVO_1896	4.237527777777777	0.091	0.07966666666666666
bioscreen_pairwise_filtrates_02	2	113	3	EVO_1896	NA	EVO_1896	4.0824444444444445	0.08766666666666666	0.079
bioscreen_pairwise_filtrates_02	2	114	4	EVO_1896	NA	EVO_1896	4.040644444444444	0.08666666666666666	0.078
bioscreen_pairwise_filtrates_02	2	115	5	EVO_1896	NA	EVO_1896	4.0248333333333335	0.086	0.078
bioscreen_pairwise_filtrates_02	2	116	1	EVO_1977	NA	EVO_1896	11.242005555555556	0.32580000000000003	0.07866666666666666
bioscreen_pairwise_filtrates_02	2	117	2	EVO_1977	NA	EVO_1896	11.075072222222222	0.3184	0.078
bioscreen_pairwise_filtrates_02	2	118	3	EVO_1977	NA	EVO_1896	11.140633333333334	0.3184	0.079
bioscreen_pairwise_filtrates_02	2	119	4	EVO_1977	NA	EVO_1896	11.162855555555556	0.3224	0.07933333333333334
bioscreen_pairwise_filtrates_02	2	120	5	EVO_1977	NA	EVO_1896	11.560311111111112	0.3426666666666667	0.081
bioscreen_pairwise_filtrates_02	2	121	1	EVO_0403	NA	ANC_1977	4.288766666666667	0.09233333333333334	0.08266666666666667
bioscreen_pairwise_filtrates_02	2	122	2	EVO_0403	NA	ANC_1977	4.264688888888889	0.092	0.08233333333333334
bioscreen_pairwise_filtrates_02	2	123	3	EVO_0403	NA	ANC_1977	4.275505555555555	0.093	0.08233333333333334
bioscreen_pairwise_filtrates_02	2	124	4	EVO_0403	NA	ANC_1977	4.290188888888889	0.093	0.08233333333333334
bioscreen_pairwise_filtrates_02	2	125	5	EVO_0403	NA	ANC_1977	4.258016666666666	0.092	0.082
bioscreen_pairwise_filtrates_02	2	126	1	EVO_1287	NA	ANC_1977	4.754666666666667	0.118	0.082
bioscreen_pairwise_filtrates_02	2	127	2	EVO_1287	NA	ANC_1977	4.752061111111111	0.11733333333333333	0.08233333333333334
bioscreen_pairwise_filtrates_02	2	128	3	EVO_1287	NA	ANC_1977	4.728338888888889	0.116	0.08233333333333334
bioscreen_pairwise_filtrates_02	2	129	4	EVO_1287	NA	ANC_1977	4.637722222222222	0.11133333333333334	0.082
bioscreen_pairwise_filtrates_02	2	130	5	EVO_1287	NA	ANC_1977	4.484394444444445	0.101	0.08266666666666667
bioscreen_pairwise_filtrates_02	2	131	1	EVO_1896	NA	ANC_1977	8.335372222222222	0.24066666666666667	0.08266666666666667
bioscreen_pairwise_filtrates_02	2	132	2	EVO_1896	NA	ANC_1977	8.566666666666666	0.233	0.083
bioscreen_pairwise_filtrates_02	2	133	3	EVO_1896	NA	ANC_1977	8.571894444444444	0.2326	0.08266666666666667
bioscreen_pairwise_filtrates_02	2	134	4	EVO_1896	NA	ANC_1977	8.536283333333333	0.2318	0.08333333333333334
bioscreen_pairwise_filtrates_02	2	135	5	EVO_1896	NA	ANC_1977	8.451377777777777	0.22940000000000002	0.08266666666666667
bioscreen_pairwise_filtrates_02	2	136	1	EVO_1977	NA	ANC_1977	4.206355555555556	0.091	0.08333333333333334
bioscreen_pairwise_filtrates_02	2	137	2	EVO_1977	NA	ANC_1977	4.161527777777778	0.09225	0.08320000000000001
bioscreen_pairwise_filtrates_02	2	138	3	EVO_1977	NA	ANC_1977	4.133522222222222	0.089	0.08233333333333334
bioscreen_pairwise_filtrates_02	2	139	4	EVO_1977	NA	ANC_1977	4.141561111111111	0.088	0.08266666666666667
bioscreen_pairwise_filtrates_02	2	140	5	EVO_1977	NA	ANC_1977	4.176244444444444	0.08925	0.08366666666666667
bioscreen_pairwise_filtrates_02	2	141	1	EVO_0403	NA	EVO_1977	4.3181722222222225	0.093	0.08233333333333334
bioscreen_pairwise_filtrates_02	2	142	2	EVO_0403	NA	EVO_1977	4.301894444444445	0.09333333333333334	0.08133333333333334
bioscreen_pairwise_filtrates_02	2	143	3	EVO_0403	NA	EVO_1977	4.2941722222222225	0.094	0.08133333333333334
bioscreen_pairwise_filtrates_02	2	144	4	EVO_0403	NA	EVO_1977	4.292561111111111	0.094	0.08066666666666666
bioscreen_pairwise_filtrates_02	2	145	5	EVO_0403	NA	EVO_1977	4.271688888888889	0.093	0.08133333333333334
bioscreen_pairwise_filtrates_02	2	146	1	EVO_1287	NA	EVO_1977	4.635061111111111	0.11233333333333334	0.08133333333333334
bioscreen_pairwise_filtrates_02	2	147	2	EVO_1287	NA	EVO_1977	4.665338888888889	0.115	0.08133333333333334
bioscreen_pairwise_filtrates_02	2	148	3	EVO_1287	NA	EVO_1977	4.590355555555556	0.111	0.08133333333333334
bioscreen_pairwise_filtrates_02	2	149	4	EVO_1287	NA	EVO_1977	4.460683333333334	0.103	0.081
bioscreen_pairwise_filtrates_02	2	150	5	EVO_1287	NA	EVO_1977	4.3716888888888885	0.097	0.08133333333333334
bioscreen_pairwise_filtrates_02	2	151	1	EVO_1896	NA	EVO_1977	7.495088888888889	0.225	0.08233333333333334
bioscreen_pairwise_filtrates_02	2	152	2	EVO_1896	NA	EVO_1977	7.836322222222222	0.226	0.08233333333333334
bioscreen_pairwise_filtrates_02	2	153	3	EVO_1896	NA	EVO_1977	7.792505555555556	0.223	0.08233333333333334
bioscreen_pairwise_filtrates_02	2	154	4	EVO_1896	NA	EVO_1977	7.794983333333334	0.22366666666666668	0.08233333333333334
bioscreen_pairwise_filtrates_02	2	155	5	EVO_1896	NA	EVO_1977	7.603355555555556	0.21766666666666667	0.08166666666666667
bioscreen_pairwise_filtrates_02	2	156	1	EVO_1977	NA	EVO_1977	4.244227777777778	0.092	0.08266666666666667
bioscreen_pairwise_filtrates_02	2	157	2	EVO_1977	NA	EVO_1977	4.170672222222223	0.091	0.08133333333333334
bioscreen_pairwise_filtrates_02	2	158	3	EVO_1977	NA	EVO_1977	4.179888888888889	0.091	0.08133333333333334
bioscreen_pairwise_filtrates_02	2	159	4	EVO_1977	NA	EVO_1977	4.174616666666666	0.0905	0.08166666666666667
bioscreen_pairwise_filtrates_02	2	160	5	EVO_1977	NA	EVO_1977	4.179333333333333	0.09	0.082
