plate_name	plate_number	bioscreen_well	replicate	sp_hist	strep_conc	sp_filtrate	y0	mumax	r2
bioscreen_pairwise_filtrates_01	1	1	1	ANC_0403	NA	ANC_0403	0.08187088602522079	0.007756484959669387	0.991086610271595
bioscreen_pairwise_filtrates_01	1	10	5	ANC_1287	NA	ANC_0403	0.012563685350547839	0.2974312526244807	0.9998087620912041
bioscreen_pairwise_filtrates_01	1	100	5	ANC_1977	NA	ANC_1896	0.01696835985142564	0.1988197481072209	0.9997393164715416
bioscreen_pairwise_filtrates_01	2	101	1	ANC_0403	NA	EVO_1896	0.019842806639980757	0.1393526758059295	0.9985346566690652
bioscreen_pairwise_filtrates_01	2	102	2	ANC_0403	NA	EVO_1896	0.01900112611930384	0.14511688002186848	0.9990051286813908
bioscreen_pairwise_filtrates_01	2	103	3	ANC_0403	NA	EVO_1896	0.020163988129649174	0.13301868606949252	0.9989825734555152
bioscreen_pairwise_filtrates_01	2	104	4	ANC_0403	NA	EVO_1896	0.018556151415352603	0.13202839114839837	0.9989125861794996
bioscreen_pairwise_filtrates_01	2	105	5	ANC_0403	NA	EVO_1896	0.018176696440312303	0.13647065166872283	0.9988843078325631
bioscreen_pairwise_filtrates_01	2	106	1	ANC_1287	NA	EVO_1896	0.02748526450260139	0.19127955478598238	0.9997461420066545
bioscreen_pairwise_filtrates_01	2	107	2	ANC_1287	NA	EVO_1896	0.02690867170527448	0.19293521884826936	0.9997170903407686
bioscreen_pairwise_filtrates_01	2	108	3	ANC_1287	NA	EVO_1896	0.025689142827594217	0.19600205495147016	0.9997469527753028
bioscreen_pairwise_filtrates_01	2	109	4	ANC_1287	NA	EVO_1896	0.026162891374989207	0.19744552315661468	0.9997113168566909
bioscreen_pairwise_filtrates_01	1	11	1	ANC_1896	NA	ANC_0403	0.013144235631413169	0.19373750734579132	0.9999882621938284
bioscreen_pairwise_filtrates_01	2	110	5	ANC_1287	NA	EVO_1896	0.026102185533548507	0.19711523923116267	0.9997184862188733
bioscreen_pairwise_filtrates_01	2	111	1	ANC_1896	NA	EVO_1896	0.07918069248703893	0.014839160183064344	0.9919032368358246
bioscreen_pairwise_filtrates_01	2	112	2	ANC_1896	NA	EVO_1896	0.0790612601205675	0.013201278846082617	0.9942060414319451
bioscreen_pairwise_filtrates_01	2	113	3	ANC_1896	NA	EVO_1896	0.0790658088299508	0.013091432323465555	0.9928787554862688
bioscreen_pairwise_filtrates_01	2	114	4	ANC_1896	NA	EVO_1896	0.07878281495015464	0.013499758131460137	0.9914141527259296
bioscreen_pairwise_filtrates_01	2	115	5	ANC_1896	NA	EVO_1896	0.0797707676181152	0.012157136794143526	0.9902296007075049
bioscreen_pairwise_filtrates_01	2	116	1	ANC_1977	NA	EVO_1896	0.017024269575044815	0.19289855733114356	0.9997813617200135
bioscreen_pairwise_filtrates_01	2	117	2	ANC_1977	NA	EVO_1896	0.015828954211328582	0.19319219069301397	0.9998505023954951
bioscreen_pairwise_filtrates_01	2	118	3	ANC_1977	NA	EVO_1896	0.014869237274196472	0.19918369304878117	0.9998255666327338
bioscreen_pairwise_filtrates_01	2	119	4	ANC_1977	NA	EVO_1896	0.01590656885159752	0.19224451616887092	0.9998646088107814
bioscreen_pairwise_filtrates_01	1	12	2	ANC_1896	NA	ANC_0403	0.012625547565706588	0.1982757479785278	0.9999897027999374
bioscreen_pairwise_filtrates_01	2	120	5	ANC_1977	NA	EVO_1896	0.015270247547339261	0.1953530697778019	0.9998921110431307
bioscreen_pairwise_filtrates_01	2	121	1	ANC_0403	NA	ANC_1977	0.0787873503280305	0.011032499917628178	0.9975508734960129
bioscreen_pairwise_filtrates_01	2	122	2	ANC_0403	NA	ANC_1977	0.07663887876687889	0.013313081177447783	0.9973922132559839
bioscreen_pairwise_filtrates_01	2	123	3	ANC_0403	NA	ANC_1977	0.07763295353578455	0.011731156343853409	0.9982900791161374
bioscreen_pairwise_filtrates_01	2	124	4	ANC_0403	NA	ANC_1977	0.07723504316058692	0.011964138617901287	0.9983777852193227
bioscreen_pairwise_filtrates_01	2	125	5	ANC_0403	NA	ANC_1977	0.07589637243747584	0.012865662898022481	0.9980154143958258
bioscreen_pairwise_filtrates_01	2	126	1	ANC_1287	NA	ANC_1977	0.05860449921683378	0.03627566874743518	0.9999921638237937
bioscreen_pairwise_filtrates_01	2	127	2	ANC_1287	NA	ANC_1977	0.05928312593564663	0.03520820250678245	0.9999894710191289
bioscreen_pairwise_filtrates_01	2	128	3	ANC_1287	NA	ANC_1977	0.058633370236502474	0.03592911093436267	0.9999800031338422
bioscreen_pairwise_filtrates_01	2	129	4	ANC_1287	NA	ANC_1977	0.05945831434600307	0.03523812070603262	0.9999773070201844
bioscreen_pairwise_filtrates_01	1	13	3	ANC_1896	NA	ANC_0403	0.012677229503624043	0.19864629055928565	0.9999889819231438
bioscreen_pairwise_filtrates_01	2	130	5	ANC_1287	NA	ANC_1977	0.06343278852960206	0.03069340478823293	0.9999664083684504
bioscreen_pairwise_filtrates_01	2	131	1	ANC_1896	NA	ANC_1977	0.02413346903182614	0.12679256636632583	0.9999790098633713
bioscreen_pairwise_filtrates_01	2	132	2	ANC_1896	NA	ANC_1977	0.021954571225009663	0.1377923249154826	0.9999760217695107
bioscreen_pairwise_filtrates_01	2	133	3	ANC_1896	NA	ANC_1977	0.021801428366285798	0.13832797827791618	0.9999780457204324
bioscreen_pairwise_filtrates_01	2	134	4	ANC_1896	NA	ANC_1977	0.01955836731512343	0.14799056888416948	0.9999698394355362
bioscreen_pairwise_filtrates_01	2	135	5	ANC_1896	NA	ANC_1977	0.019921048020262656	0.14536192563014297	0.999973765219274
bioscreen_pairwise_filtrates_01	2	136	1	ANC_1977	NA	ANC_1977	0.08219122084364329	0.004596198039329061	0.9989064908263624
bioscreen_pairwise_filtrates_01	2	137	2	ANC_1977	NA	ANC_1977	0.08197510302418866	0.005561135526001863	0.9988592638905469
bioscreen_pairwise_filtrates_01	2	138	3	ANC_1977	NA	ANC_1977	0.08188468039427689	0.005176114997270195	0.9987304198162975
bioscreen_pairwise_filtrates_01	2	139	4	ANC_1977	NA	ANC_1977	0.08197744257298738	0.0055575067010081485	0.9970883726866085
bioscreen_pairwise_filtrates_01	1	14	4	ANC_1896	NA	ANC_0403	0.012302993655554028	0.20041800210396352	0.9999870720162917
bioscreen_pairwise_filtrates_01	2	140	5	ANC_1977	NA	ANC_1977	0.08326860026522093	0.0037058917140530083	0.9974982990193871
bioscreen_pairwise_filtrates_01	2	141	1	ANC_0403	NA	EVO_1977	0.07876542334287812	0.01177580879063934	0.9974328759812447
bioscreen_pairwise_filtrates_01	2	142	2	ANC_0403	NA	EVO_1977	0.07832314372915311	0.011839094925675845	0.9989949959015622
bioscreen_pairwise_filtrates_01	2	143	3	ANC_0403	NA	EVO_1977	0.07760813998094034	0.012158583304634917	0.9986288153752603
bioscreen_pairwise_filtrates_01	2	144	4	ANC_0403	NA	EVO_1977	0.0770005506880636	0.013066941511582162	0.9990415036207477
bioscreen_pairwise_filtrates_01	2	145	5	ANC_0403	NA	EVO_1977	0.07722835339423206	0.01189916345174167	0.9987075354843601
bioscreen_pairwise_filtrates_01	2	146	1	ANC_1287	NA	EVO_1977	0.05718363460524278	0.042229603202762866	0.9999847044248563
bioscreen_pairwise_filtrates_01	2	147	2	ANC_1287	NA	EVO_1977	0.05681608238866103	0.042331820401906445	0.9999856970276885
bioscreen_pairwise_filtrates_01	2	148	3	ANC_1287	NA	EVO_1977	0.056164808718952984	0.04365486007407033	0.999982418347704
bioscreen_pairwise_filtrates_01	2	149	4	ANC_1287	NA	EVO_1977	0.05722610948190345	0.04323518273868985	0.9999713134217322
bioscreen_pairwise_filtrates_01	1	15	5	ANC_1896	NA	ANC_0403	0.013320526231693271	0.19240263537379584	0.9999908411504664
bioscreen_pairwise_filtrates_01	2	150	5	ANC_1287	NA	EVO_1977	0.06084956175013582	0.03766292905058749	0.9999584173725601
bioscreen_pairwise_filtrates_01	2	151	1	ANC_1896	NA	EVO_1977	0.033032561626909165	0.09562388910056087	0.9999814922204049
bioscreen_pairwise_filtrates_01	2	152	2	ANC_1896	NA	EVO_1977	0.029945022563377832	0.10582626548590997	0.9999871142721498
bioscreen_pairwise_filtrates_01	2	153	3	ANC_1896	NA	EVO_1977	0.03070711860151824	0.10402033558681083	0.9999821585993062
bioscreen_pairwise_filtrates_01	2	154	4	ANC_1896	NA	EVO_1977	0.03073024373938549	0.10426022215817493	0.9999863138259976
bioscreen_pairwise_filtrates_01	2	155	5	ANC_1896	NA	EVO_1977	0.030000997433041948	0.1037421048384074	0.9999834636106457
bioscreen_pairwise_filtrates_01	2	156	1	ANC_1977	NA	EVO_1977	0.08293171435225731	0.005786817556239568	0.9987928403752837
bioscreen_pairwise_filtrates_01	2	157	2	ANC_1977	NA	EVO_1977	0.08107123977702771	0.006283935805848111	0.9984703714885472
bioscreen_pairwise_filtrates_01	2	158	3	ANC_1977	NA	EVO_1977	0.0810478761954524	0.00703457713646568	0.9984276325429361
bioscreen_pairwise_filtrates_01	2	159	4	ANC_1977	NA	EVO_1977	0.08159496547457805	0.005906376988483037	0.998473734559152
bioscreen_pairwise_filtrates_01	1	16	1	ANC_1977	NA	ANC_0403	0.005366009336280675	0.28087190899732123	0.9998584470204367
bioscreen_pairwise_filtrates_01	2	160	5	ANC_1977	NA	EVO_1977	0.08176525357077201	0.004193484240365039	0.9983699038447197
bioscreen_pairwise_filtrates_01	1	17	2	ANC_1977	NA	ANC_0403	0.00531192299106807	0.2790104643730785	0.99985654585953
bioscreen_pairwise_filtrates_01	1	18	3	ANC_1977	NA	ANC_0403	0.0051581000253310355	0.28083051229549083	0.9998548739407667
bioscreen_pairwise_filtrates_01	1	19	4	ANC_1977	NA	ANC_0403	0.005454300787739149	0.2755754787006225	0.9998639877862642
bioscreen_pairwise_filtrates_01	1	2	2	ANC_0403	NA	ANC_0403	0.08170913632101713	0.007798173095555382	0.9889236412011024
bioscreen_pairwise_filtrates_01	1	20	5	ANC_1977	NA	ANC_0403	0.0068831993490360115	0.2551614727327506	0.9998863925185314
bioscreen_pairwise_filtrates_01	1	21	1	ANC_0403	NA	EVO_0403	0.08159200172468249	0.006106001711284305	0.989479394912929
bioscreen_pairwise_filtrates_01	1	22	2	ANC_0403	NA	EVO_0403	0.0813635697540762	0.009090928545269926	0.99209836888181
bioscreen_pairwise_filtrates_01	1	23	3	ANC_0403	NA	EVO_0403	0.08082008997185068	0.010197379658059244	0.9913936563783314
bioscreen_pairwise_filtrates_01	1	24	4	ANC_0403	NA	EVO_0403	0.08059837191662408	0.010137812500893363	0.9889345139169474
bioscreen_pairwise_filtrates_01	1	25	5	ANC_0403	NA	EVO_0403	0.08080704752033059	0.008876973135814039	0.9875713172647161
bioscreen_pairwise_filtrates_01	1	26	1	ANC_1287	NA	EVO_0403	0.010615493044011905	0.3309759565686609	0.9997213881817585
bioscreen_pairwise_filtrates_01	1	27	2	ANC_1287	NA	EVO_0403	0.010382077785274927	0.3320977634819347	0.9997364779870804
bioscreen_pairwise_filtrates_01	1	28	3	ANC_1287	NA	EVO_0403	0.010881688996079043	0.3266752092496393	0.9997698559147232
bioscreen_pairwise_filtrates_01	1	29	4	ANC_1287	NA	EVO_0403	0.010249962400123807	0.33477339978003334	0.9997339627930034
bioscreen_pairwise_filtrates_01	1	3	3	ANC_0403	NA	ANC_0403	0.0811546058230853	0.00612188772276177	0.9907751208382707
bioscreen_pairwise_filtrates_01	1	30	5	ANC_1287	NA	EVO_0403	0.011019158696910348	0.3284263059700525	0.9997530952598221
bioscreen_pairwise_filtrates_01	1	31	1	ANC_1896	NA	EVO_0403	0.01244854091133172	0.20121552990870264	0.9999852110629974
bioscreen_pairwise_filtrates_01	1	32	2	ANC_1896	NA	EVO_0403	0.010807561026698834	0.2151993166114363	0.9999778556901758
bioscreen_pairwise_filtrates_01	1	33	3	ANC_1896	NA	EVO_0403	0.011607595345318375	0.20911832062013505	0.9999805854375817
bioscreen_pairwise_filtrates_01	1	34	4	ANC_1896	NA	EVO_0403	0.011135244018988195	0.21033772769854928	0.9999786308453751
bioscreen_pairwise_filtrates_01	1	35	5	ANC_1896	NA	EVO_0403	0.011481074388749684	0.21067062787148727	0.9999773783028403
bioscreen_pairwise_filtrates_01	1	36	1	ANC_1977	NA	EVO_0403	0.0043108408263490125	0.28766523391359994	0.999866874078211
bioscreen_pairwise_filtrates_01	1	37	2	ANC_1977	NA	EVO_0403	0.004754848649278288	0.2831249310283414	0.9998523440843586
bioscreen_pairwise_filtrates_01	1	38	3	ANC_1977	NA	EVO_0403	0.004269421263727211	0.287200711255542	0.9998732702608808
bioscreen_pairwise_filtrates_01	1	39	4	ANC_1977	NA	EVO_0403	0.004520032400643804	0.2850816995747409	0.9998851025069009
bioscreen_pairwise_filtrates_01	1	4	4	ANC_0403	NA	ANC_0403	0.0804107935249347	0.008947713668987537	0.9939906327886933
bioscreen_pairwise_filtrates_01	1	40	5	ANC_1977	NA	EVO_0403	0.005281972963854451	0.26753930547255134	0.9998942081999798
bioscreen_pairwise_filtrates_01	1	41	1	ANC_0403	NA	ANC_1287	0.03937545993750406	0.06853192416680545	0.9976400743188772
bioscreen_pairwise_filtrates_01	1	42	2	ANC_0403	NA	ANC_1287	0.03967683584059877	0.06629934636056724	0.9982913474413834
bioscreen_pairwise_filtrates_01	1	43	3	ANC_0403	NA	ANC_1287	0.04152485386734283	0.06340106160953611	0.9985923004026496
bioscreen_pairwise_filtrates_01	1	44	4	ANC_0403	NA	ANC_1287	0.04318121757965034	0.05981004318488293	0.9987165858535111
bioscreen_pairwise_filtrates_01	1	45	5	ANC_0403	NA	ANC_1287	0.04302215121185279	0.0593212680841712	0.9987211755828971
bioscreen_pairwise_filtrates_01	1	46	1	ANC_1287	NA	ANC_1287	0.07959526000727532	0.00984047026030963	0.9984480418442293
bioscreen_pairwise_filtrates_01	1	47	2	ANC_1287	NA	ANC_1287	0.07964425184566214	0.008467086699606186	0.9987452794907472
bioscreen_pairwise_filtrates_01	1	48	3	ANC_1287	NA	ANC_1287	0.07958296934362971	0.007418215030918882	0.9982940535593462
bioscreen_pairwise_filtrates_01	1	49	4	ANC_1287	NA	ANC_1287	0.07959837809559131	0.009724436826741322	0.9962523536276727
bioscreen_pairwise_filtrates_01	1	5	5	ANC_0403	NA	ANC_0403	0.08058240152104401	0.01002354359383003	0.9919599931613766
bioscreen_pairwise_filtrates_01	1	50	5	ANC_1287	NA	ANC_1287	0.08035066596227691	0.010722564649014832	0.99668573606626365
bioscreen_pairwise_filtrates_01	1	51	1	ANC_1896	NA	ANC_1287	0.04210215874627496	0.07954063226117436	0.9999895913027584
bioscreen_pairwise_filtrates_01	1	52	2	ANC_1896	NA	ANC_1287	0.03725795054298325	0.09042367094503174	0.9999905530036495
bioscreen_pairwise_filtrates_01	1	53	3	ANC_1896	NA	ANC_1287	0.036141380009720045	0.09417167133784939	0.9999841741445658
bioscreen_pairwise_filtrates_01	1	54	4	ANC_1896	NA	ANC_1287	0.03716338008434744	0.09145923227857546	0.9999793986290638
bioscreen_pairwise_filtrates_01	1	55	5	ANC_1896	NA	ANC_1287	0.038511321633130355	0.08891960003626222	0.9999801007517021
bioscreen_pairwise_filtrates_01	1	56	1	ANC_1977	NA	ANC_1287	0.02097441730698991	0.09336253773693731	0.9998852181590866
bioscreen_pairwise_filtrates_01	1	57	2	ANC_1977	NA	ANC_1287	0.020546688058908146	0.09404713347821685	0.9998905483421379
bioscreen_pairwise_filtrates_01	1	58	3	ANC_1977	NA	ANC_1287	0.020739915387658354	0.09476781740972363	0.999885394259649
bioscreen_pairwise_filtrates_01	1	59	4	ANC_1977	NA	ANC_1287	0.020652472788073202	0.09322783008677278	0.9998627884468778
bioscreen_pairwise_filtrates_01	1	6	1	ANC_1287	NA	ANC_0403	0.013611089607706458	0.286812337468372	0.9998456075447217
bioscreen_pairwise_filtrates_01	1	60	5	ANC_1977	NA	ANC_1287	0.02277450977044295	0.08823931269902617	0.9997409336070568
bioscreen_pairwise_filtrates_01	1	61	1	ANC_0403	NA	EVO_1287	0.004208277414990637	0.19279026878955982	0.999501522413066
bioscreen_pairwise_filtrates_01	1	62	2	ANC_0403	NA	EVO_1287	0.0049744739718093406	0.16501625292375335	0.9998329465362326
bioscreen_pairwise_filtrates_01	1	63	3	ANC_0403	NA	EVO_1287	0.002678650408833333	0.20973775829407568	0.9996448783107296
bioscreen_pairwise_filtrates_01	1	64	4	ANC_0403	NA	EVO_1287	0.0020493857788128444	0.23098466875534462	0.9994983623354419
bioscreen_pairwise_filtrates_01	1	65	5	ANC_0403	NA	EVO_1287	0.002302848330405878	0.22217753756832084	0.9995790334304662
bioscreen_pairwise_filtrates_01	1	66	1	ANC_1287	NA	EVO_1287	0.04552972830510236	0.044799830997903446	0.9999942627185773
bioscreen_pairwise_filtrates_01	1	67	2	ANC_1287	NA	EVO_1287	0.04151769292003801	0.04847227308283791	0.9999931915055967
bioscreen_pairwise_filtrates_01	1	68	3	ANC_1287	NA	EVO_1287	0.04280196902226454	0.045006315414561814	0.9999919649661941
bioscreen_pairwise_filtrates_01	1	69	4	ANC_1287	NA	EVO_1287	0.04301566299971551	0.04304123142230959	0.9999910501603716
bioscreen_pairwise_filtrates_01	1	7	2	ANC_1287	NA	ANC_0403	0.014133566848082802	0.28280810772926745	0.9998625971233565
bioscreen_pairwise_filtrates_01	1	70	5	ANC_1287	NA	EVO_1287	0.04405312795790632	0.038758876610498774	0.9999887329979934
bioscreen_pairwise_filtrates_01	1	71	1	ANC_1896	NA	EVO_1287	0.03579303433913702	0.09659907171119507	0.9999839580890908
bioscreen_pairwise_filtrates_01	1	72	2	ANC_1896	NA	EVO_1287	0.0330031212570322	0.10667158193116666	0.9999808083186
bioscreen_pairwise_filtrates_01	1	73	3	ANC_1896	NA	EVO_1287	0.03565819897026994	0.09893810087066562	0.9999844178776361
bioscreen_pairwise_filtrates_01	1	74	4	ANC_1896	NA	EVO_1287	0.03668312324677711	0.0938606330761174	0.9999864901212169
bioscreen_pairwise_filtrates_01	1	75	5	ANC_1896	NA	EVO_1287	0.03696882141940119	0.0951113360849384	0.9999891112631861
bioscreen_pairwise_filtrates_01	1	76	1	ANC_1977	NA	EVO_1287	0.010101761626755962	0.14877274928079534	0.9998389724940091
bioscreen_pairwise_filtrates_01	1	77	2	ANC_1977	NA	EVO_1287	0.01038008047254826	0.1465064089447776	0.9998354871918456
bioscreen_pairwise_filtrates_01	1	78	3	ANC_1977	NA	EVO_1287	0.01039850493819831	0.1474448116549805	0.9998294652135794
bioscreen_pairwise_filtrates_01	1	79	4	ANC_1977	NA	EVO_1287	0.01005367973607041	0.14537249415850856	0.9998361675694925
bioscreen_pairwise_filtrates_01	1	8	3	ANC_1287	NA	ANC_0403	0.013606801900776008	0.28454292004164106	0.9998650178510207
bioscreen_pairwise_filtrates_01	1	80	5	ANC_1977	NA	EVO_1287	0.011970997316511847	0.1318954163780763	0.9998693153303267
bioscreen_pairwise_filtrates_01	1	81	1	ANC_0403	NA	ANC_1896	0.02189032781771579	0.16581301270026352	0.9978268527743024
bioscreen_pairwise_filtrates_01	1	82	2	ANC_0403	NA	ANC_1896	0.02234167439546246	0.16377431718658952	0.9985418417807265
bioscreen_pairwise_filtrates_01	1	83	3	ANC_0403	NA	ANC_1896	0.022150726840936438	0.16331429172993686	0.9986583333606419
bioscreen_pairwise_filtrates_01	1	84	4	ANC_0403	NA	ANC_1896	0.023186729628088286	0.16152308079035063	0.9987749941080283
bioscreen_pairwise_filtrates_01	1	85	5	ANC_0403	NA	ANC_1896	0.023056613867499538	0.16153546727505602	0.9986926594810874
bioscreen_pairwise_filtrates_01	1	86	1	ANC_1287	NA	ANC_1896	0.026373127917103865	0.19779738315317244	0.9997596039952071
bioscreen_pairwise_filtrates_01	1	87	2	ANC_1287	NA	ANC_1896	0.025940492209416296	0.19723316839971317	0.9997645194057957
bioscreen_pairwise_filtrates_01	1	88	3	ANC_1287	NA	ANC_1896	0.026717097504687412	0.1976971255756438	0.9997011186697414
bioscreen_pairwise_filtrates_01	1	89	4	ANC_1287	NA	ANC_1896	0.02630225648681693	0.1967153618213208	0.9997019354738926
bioscreen_pairwise_filtrates_01	1	9	4	ANC_1287	NA	ANC_0403	0.013323769077291787	0.28981897058619077	0.999830391433793
bioscreen_pairwise_filtrates_01	1	90	5	ANC_1287	NA	ANC_1896	0.027231373393378788	0.19185289473806702	0.9996937297749148
bioscreen_pairwise_filtrates_01	1	91	1	ANC_1896	NA	ANC_1896	0.08041721357410372	0.009888444616026398	0.9882991164000986
bioscreen_pairwise_filtrates_01	1	92	2	ANC_1896	NA	ANC_1896	0.08130700688329524	0.0068483618490517185	0.9888537809120177
bioscreen_pairwise_filtrates_01	1	93	3	ANC_1896	NA	ANC_1896	0.08141510306623033	0.004169480532855752	0.9755410437484562
bioscreen_pairwise_filtrates_01	1	94	4	ANC_1896	NA	ANC_1896	0.08141006997122485	0.004124037370506821	0.9705379578586224
bioscreen_pairwise_filtrates_01	1	95	5	ANC_1896	NA	ANC_1896	0.08179406197442633	0.004819642046403693	0.9858439955942156
bioscreen_pairwise_filtrates_01	1	96	1	ANC_1977	NA	ANC_1896	0.018057395085375058	0.2001087028226871	0.9997515147405717
bioscreen_pairwise_filtrates_01	1	97	2	ANC_1977	NA	ANC_1896	0.016200730329012113	0.20639834605747365	0.9996932195790956
bioscreen_pairwise_filtrates_01	1	98	3	ANC_1977	NA	ANC_1896	0.015512220339400496	0.2107142645051778	0.9996578460452568
bioscreen_pairwise_filtrates_01	1	99	4	ANC_1977	NA	ANC_1896	0.016300190560118215	0.20459968789389352	0.9996953867140037
bioscreen_pairwise_filtrates_02	1	1	1	EVO_0403	NA	ANC_0403	0.08159129179021175	0.006134872371619061	0.9915208520902423
bioscreen_pairwise_filtrates_02	1	10	5	EVO_1287	NA	ANC_0403	0.013904229251134352	0.17897958423113425	0.9999076288420583
bioscreen_pairwise_filtrates_02	1	100	5	EVO_1977	NA	ANC_1896	0.008919268124289061	0.1799142880027604	0.9998957668052423
bioscreen_pairwise_filtrates_02	2	101	1	EVO_0403	NA	EVO_1896	0.02216567654127887	0.15425324796594472	0.9989283706052928
bioscreen_pairwise_filtrates_02	2	102	2	EVO_0403	NA	EVO_1896	0.020068893436708847	0.1622952719680554	0.9991816716803502
bioscreen_pairwise_filtrates_02	2	103	3	EVO_0403	NA	EVO_1896	0.020796142729734818	0.15653832969276496	0.9993594615482562
bioscreen_pairwise_filtrates_02	2	104	4	EVO_0403	NA	EVO_1896	0.021357638745138522	0.15607297385319124	0.9993790220600024
bioscreen_pairwise_filtrates_02	2	105	5	EVO_0403	NA	EVO_1896	0.021115875808746607	0.15675760721362295	0.999416353074129
bioscreen_pairwise_filtrates_02	2	106	1	EVO_1287	NA	EVO_1896	0.056913447287780194	0.03901683500742396	0.999965338611068
bioscreen_pairwise_filtrates_02	2	107	2	EVO_1287	NA	EVO_1896	0.056389274821745015	0.03948152170043635	0.9999590909610506
bioscreen_pairwise_filtrates_02	2	108	3	EVO_1287	NA	EVO_1896	0.05529298290407228	0.04106632699187034	0.9999454418116234
bioscreen_pairwise_filtrates_02	2	109	4	EVO_1287	NA	EVO_1896	0.05628411004580694	0.0409561453394561	0.9999389542128898
bioscreen_pairwise_filtrates_02	1	11	1	EVO_1896	NA	ANC_0403	0.015547589024821236	0.1441014482010051	0.9999919989206689
bioscreen_pairwise_filtrates_02	2	110	5	EVO_1287	NA	EVO_1896	0.0555543348516372	0.04033620070554803	0.999942809287085
bioscreen_pairwise_filtrates_02	2	111	1	EVO_1896	NA	EVO_1896	0.07874967547279095	0.015923158163791504	0.9975386593645569
bioscreen_pairwise_filtrates_02	2	112	2	EVO_1896	NA	EVO_1896	0.07992265830344751	0.031009983094108018	0.9863322366641497
bioscreen_pairwise_filtrates_02	2	113	3	EVO_1896	NA	EVO_1896	0.07918324088219007	0.014879616256233066	0.9979420750545502
bioscreen_pairwise_filtrates_02	2	114	4	EVO_1896	NA	EVO_1896	0.07817573262310973	0.01604415359897047	0.9970909035806098
bioscreen_pairwise_filtrates_02	2	115	5	EVO_1896	NA	EVO_1896	0.07817828875897671	0.016160318358919616	0.9971449393968784
bioscreen_pairwise_filtrates_02	2	116	1	EVO_1977	NA	EVO_1896	0.008443391907283045	0.20307877745257089	0.9996005138178353
bioscreen_pairwise_filtrates_02	2	117	2	EVO_1977	NA	EVO_1896	0.008517835567377816	0.2027501979602254	0.9995962212216988
bioscreen_pairwise_filtrates_02	2	118	3	EVO_1977	NA	EVO_1896	0.008811076011172824	0.20013713844441372	0.9996465104401098
bioscreen_pairwise_filtrates_02	2	119	4	EVO_1977	NA	EVO_1896	0.009039031447811575	0.19775677895357147	0.9996714159250492
bioscreen_pairwise_filtrates_02	1	12	2	EVO_1896	NA	ANC_0403	0.014047041045810824	0.15177952239129308	0.9999931535023138
bioscreen_pairwise_filtrates_02	2	120	5	EVO_1977	NA	EVO_1896	0.007916427787903049	0.208395727762452	0.999687188086969
bioscreen_pairwise_filtrates_02	2	121	1	EVO_0403	NA	ANC_1977	0.0759304657317093	0.01455505376437472	0.9984252938705866
bioscreen_pairwise_filtrates_02	2	122	2	EVO_0403	NA	ANC_1977	0.07584896085421897	0.013971601077135782	0.9986796949550779
bioscreen_pairwise_filtrates_02	2	123	3	EVO_0403	NA	ANC_1977	0.0751908444178086	0.015253566217343554	0.9985364963205299
bioscreen_pairwise_filtrates_02	2	124	4	EVO_0403	NA	ANC_1977	0.07588607872802303	0.014397000978442825	0.9985845552012816
bioscreen_pairwise_filtrates_02	2	125	5	EVO_0403	NA	ANC_1977	0.07603116403928792	0.013377910019191043	0.9991404123611207
bioscreen_pairwise_filtrates_02	2	126	1	EVO_1287	NA	ANC_1977	0.07172097532633043	0.014374226770342358	0.999955068520825
bioscreen_pairwise_filtrates_02	2	127	2	EVO_1287	NA	ANC_1977	0.07058752802992	0.015416998822423292	0.9999341303027062
bioscreen_pairwise_filtrates_02	2	128	3	EVO_1287	NA	ANC_1977	0.0715934279788103	0.015071710931490538	0.9999545136158828
bioscreen_pairwise_filtrates_02	2	129	4	EVO_1287	NA	ANC_1977	0.07255985984735042	0.014142130037101559	0.9998975544757749
bioscreen_pairwise_filtrates_02	1	13	3	EVO_1896	NA	ANC_0403	0.014386526284909551	0.14986575293776597	0.99999056449777
bioscreen_pairwise_filtrates_02	2	130	5	EVO_1287	NA	ANC_1977	0.07451034763391837	0.01235085169821184	0.9998054976676982
bioscreen_pairwise_filtrates_02	2	131	1	EVO_1896	NA	ANC_1977	0.02728622736767054	0.09889942152216104	0.9999860032479299
bioscreen_pairwise_filtrates_02	2	132	2	EVO_1896	NA	ANC_1977	0.02292342053151102	0.11505886762742025	0.9999882271175979
bioscreen_pairwise_filtrates_02	2	133	3	EVO_1896	NA	ANC_1977	0.022443004918301594	0.11674484445213272	0.9999885165350904
bioscreen_pairwise_filtrates_02	2	134	4	EVO_1896	NA	ANC_1977	0.021287547061622596	0.11869148658766086	0.9999900654067214
bioscreen_pairwise_filtrates_02	2	135	5	EVO_1896	NA	ANC_1977	0.021496280167853314	0.11766836613093938	0.9999910376882757
bioscreen_pairwise_filtrates_02	2	136	1	EVO_1977	NA	ANC_1977	0.08334843745687964	0.005338183658728937	0.998686704133373
bioscreen_pairwise_filtrates_02	2	137	2	EVO_1977	NA	ANC_1977	0.07957764744257306	0.0044433088061048625	0.974931700065927
bioscreen_pairwise_filtrates_02	2	138	3	EVO_1977	NA	ANC_1977	0.0823857195082878	0.0047677421229585905	0.9978807423536697
bioscreen_pairwise_filtrates_02	2	139	4	EVO_1977	NA	ANC_1977	0.08265566568881229	0.006480269424316942	0.9968846147561836
bioscreen_pairwise_filtrates_02	1	14	4	EVO_1896	NA	ANC_0403	0.013982957515240849	0.15097079436675537	0.9999915312484584
bioscreen_pairwise_filtrates_02	2	140	5	EVO_1977	NA	ANC_1977	0.0832716871575477	0.00466919404505796	0.9967180931031104
bioscreen_pairwise_filtrates_02	2	141	1	EVO_0403	NA	EVO_1977	0.07483101101365251	0.017019695622674583	0.9981071913170072
bioscreen_pairwise_filtrates_02	2	142	2	EVO_0403	NA	EVO_1977	0.0737195838875994	0.017113480195569217	0.9989726935540472
bioscreen_pairwise_filtrates_02	2	143	3	EVO_0403	NA	EVO_1977	0.07379989000875865	0.016726685793725302	0.9989120822810736
bioscreen_pairwise_filtrates_02	2	144	4	EVO_0403	NA	EVO_1977	0.07424813530360674	0.016179139409412617	0.9990919833754259
bioscreen_pairwise_filtrates_02	2	145	5	EVO_0403	NA	EVO_1977	0.07467197513093866	0.01540383212402145	0.9991676054542196
bioscreen_pairwise_filtrates_02	2	146	1	EVO_1287	NA	EVO_1977	0.07127434593648559	0.014063470679676136	0.9999278699994838
bioscreen_pairwise_filtrates_02	2	147	2	EVO_1287	NA	EVO_1977	0.07100823488665602	0.014296737644415636	0.9999513617727123
bioscreen_pairwise_filtrates_02	2	148	3	EVO_1287	NA	EVO_1977	0.07216244674280888	0.012994071986374986	0.9999315278514631
bioscreen_pairwise_filtrates_02	2	149	4	EVO_1287	NA	EVO_1977	0.07274538792994269	0.012771968207807025	0.9997907011528644
bioscreen_pairwise_filtrates_02	1	15	5	EVO_1896	NA	ANC_0403	0.014827431842922834	0.14686355774940693	0.9999938472191843
bioscreen_pairwise_filtrates_02	2	150	5	EVO_1287	NA	EVO_1977	0.07447672319126421	0.01162243356801864	0.9996967362158395
bioscreen_pairwise_filtrates_02	2	151	1	EVO_1896	NA	EVO_1977	0.03618165616955081	0.07086420484638474	0.9999889044598698
bioscreen_pairwise_filtrates_02	2	152	2	EVO_1896	NA	EVO_1977	0.03191121560964792	0.08212076990889217	0.9999904937115113
bioscreen_pairwise_filtrates_02	2	153	3	EVO_1896	NA	EVO_1977	0.03271593125313136	0.07979998929974648	0.9999919458896595
bioscreen_pairwise_filtrates_02	2	154	4	EVO_1896	NA	EVO_1977	0.03188519467340124	0.08061928752115191	0.9999911172376444
bioscreen_pairwise_filtrates_02	2	155	5	EVO_1896	NA	EVO_1977	0.03131304143479676	0.07970551334121853	0.9999898019811064
bioscreen_pairwise_filtrates_02	2	156	1	EVO_1977	NA	EVO_1977	0.08267694046992513	0.007386082134325643	0.998432608586112
bioscreen_pairwise_filtrates_02	2	157	2	EVO_1977	NA	EVO_1977	0.07960502274442874	0.005048578035896177	0.9990329856350425
bioscreen_pairwise_filtrates_02	2	158	3	EVO_1977	NA	EVO_1977	0.08125951161994248	0.007774139555067494	0.9990965851914843
bioscreen_pairwise_filtrates_02	2	159	4	EVO_1977	NA	EVO_1977	0.08150496101663078	0.005599581581516339	0.9990617609418722
bioscreen_pairwise_filtrates_02	1	16	1	EVO_1977	NA	ANC_0403	0.0017729400868860812	0.2917437441033465	0.9997546326565139
bioscreen_pairwise_filtrates_02	2	160	5	EVO_1977	NA	EVO_1977	0.07946605055923979	0.005314394211699405	0.9988330266404262
bioscreen_pairwise_filtrates_02	1	17	2	EVO_1977	NA	ANC_0403	0.002031179091823983	0.2849878805667256	0.9997668796228514
bioscreen_pairwise_filtrates_02	1	18	3	EVO_1977	NA	ANC_0403	0.0017393027568044098	0.289155462942857	0.9997817088826266
bioscreen_pairwise_filtrates_02	1	19	4	EVO_1977	NA	ANC_0403	0.0017951747608789725	0.29129465229082774	0.9997464196182149
bioscreen_pairwise_filtrates_02	1	2	2	EVO_0403	NA	ANC_0403	0.08204896210636893	0.008816093898657012	0.992683575226248
bioscreen_pairwise_filtrates_02	1	20	5	EVO_1977	NA	ANC_0403	0.00258936790412206	0.2641486193590065	0.9998223734878143
bioscreen_pairwise_filtrates_02	1	21	1	EVO_0403	NA	EVO_0403	0.08138457251176527	0.005413528072385828	0.9874196997570747
bioscreen_pairwise_filtrates_02	1	22	2	EVO_0403	NA	EVO_0403	0.08114666159205952	0.006229170741047056	0.9840642567506132
bioscreen_pairwise_filtrates_02	1	23	3	EVO_0403	NA	EVO_0403	0.08014916064560322	0.012029449648708999	0.9902258905536679
bioscreen_pairwise_filtrates_02	1	24	4	EVO_0403	NA	EVO_0403	0.08115426289296743	0.006328391028325429	0.9884733030581286
bioscreen_pairwise_filtrates_02	1	25	5	EVO_0403	NA	EVO_0403	0.08029050893266054	0.012287281289024248	0.986959830841825
bioscreen_pairwise_filtrates_02	1	26	1	EVO_1287	NA	EVO_0403	0.013348081505918853	0.18230996113476106	0.9999531980124892
bioscreen_pairwise_filtrates_02	1	27	2	EVO_1287	NA	EVO_0403	0.01416906960778719	0.18409144177162684	0.9999435096802048
bioscreen_pairwise_filtrates_02	1	28	3	EVO_1287	NA	EVO_0403	0.01461383341626525	0.1829632978830887	0.9999452152857906
bioscreen_pairwise_filtrates_02	1	29	4	EVO_1287	NA	EVO_0403	0.014543288905237699	0.18202856669865222	0.9999372069384128
bioscreen_pairwise_filtrates_02	1	3	3	EVO_0403	NA	ANC_0403	0.08079594398832138	0.010121054656260274	0.9915833162630344
bioscreen_pairwise_filtrates_02	1	30	5	EVO_1287	NA	EVO_0403	0.014780556694461012	0.18189026451388782	0.999934670617004
bioscreen_pairwise_filtrates_02	1	31	1	EVO_1896	NA	EVO_0403	0.013133901467368451	0.15098038034750713	0.9999952142701326
bioscreen_pairwise_filtrates_02	1	32	2	EVO_1896	NA	EVO_0403	0.010499461439178428	0.16710192843742633	0.999992801866121
bioscreen_pairwise_filtrates_02	1	33	3	EVO_1896	NA	EVO_0403	0.011352901365519813	0.15919003045702296	0.9999952933697498
bioscreen_pairwise_filtrates_02	1	34	4	EVO_1896	NA	EVO_0403	0.011783370842807214	0.15763721928927807	0.9999942876500124
bioscreen_pairwise_filtrates_02	1	35	5	EVO_1896	NA	EVO_0403	0.011494885921200054	0.15928420780231903	0.9999949390450474
bioscreen_pairwise_filtrates_02	1	36	1	EVO_1977	NA	EVO_0403	0.0021913441768020366	0.27203939332451066	0.9998264318959521
bioscreen_pairwise_filtrates_02	1	37	2	EVO_1977	NA	EVO_0403	0.0024197538021724784	0.26977880429923956	0.9998465816682202
bioscreen_pairwise_filtrates_02	1	38	3	EVO_1977	NA	EVO_0403	0.004683927988261286	0.23660501283172908	0.999913884610322
bioscreen_pairwise_filtrates_02	1	39	4	EVO_1977	NA	EVO_0403	0.00260627971126537	0.2605600348100804	0.9998494899615877
bioscreen_pairwise_filtrates_02	1	4	4	EVO_0403	NA	ANC_0403	0.08022471344713691	0.013346772185583384	0.9935623663937079
bioscreen_pairwise_filtrates_02	1	40	5	EVO_1977	NA	EVO_0403	0.0030654576006738797	0.25084612437220905	0.9998690471584006
bioscreen_pairwise_filtrates_02	1	41	1	EVO_0403	NA	ANC_1287	0.040807308828441545	0.05822548133624853	0.9992482905620929
bioscreen_pairwise_filtrates_02	1	42	2	EVO_0403	NA	ANC_1287	0.04350443609049441	0.05335216157615463	0.9993838339461107
bioscreen_pairwise_filtrates_02	1	43	3	EVO_0403	NA	ANC_1287	0.04430834702025583	0.05134446509140083	0.9995371500872924
bioscreen_pairwise_filtrates_02	1	44	4	EVO_0403	NA	ANC_1287	0.04495273223619523	0.049781575855786596	0.9996630864496958
bioscreen_pairwise_filtrates_02	1	45	5	EVO_0403	NA	ANC_1287	0.04384822091855002	0.05110166779867755	0.999677095748512
bioscreen_pairwise_filtrates_02	1	46	1	EVO_1287	NA	ANC_1287	0.07936311761682788	0.008755691283061081	0.9880240256193995
bioscreen_pairwise_filtrates_02	1	47	2	EVO_1287	NA	ANC_1287	0.07978787521942612	0.009463227932018722	0.9859678403671248
bioscreen_pairwise_filtrates_02	1	48	3	EVO_1287	NA	ANC_1287	0.07975638333512301	0.00981131709599794	0.9876285735983829
bioscreen_pairwise_filtrates_02	1	49	4	EVO_1287	NA	ANC_1287	0.08038511746509867	0.008601958398859607	0.9726873991166956
bioscreen_pairwise_filtrates_02	1	5	5	EVO_0403	NA	ANC_0403	0.08118760278128971	0.011318394455084308	0.9877941930664034
bioscreen_pairwise_filtrates_02	1	50	5	EVO_1287	NA	ANC_1287	0.08048832573116699	0.011679424077060366	0.9625261907394582
bioscreen_pairwise_filtrates_02	1	51	1	EVO_1896	NA	ANC_1287	0.05278655320195134	0.04610443720748672	0.9999710763814651
bioscreen_pairwise_filtrates_02	1	52	2	EVO_1896	NA	ANC_1287	0.04613509957124459	0.057874461456298855	0.9999898539104903
bioscreen_pairwise_filtrates_02	1	53	3	EVO_1896	NA	ANC_1287	0.03824255490469703	0.07247798278303139	0.9999898929767403
bioscreen_pairwise_filtrates_02	1	54	4	EVO_1896	NA	ANC_1287	0.03810636278178175	0.07373380468011206	0.9999847044260414
bioscreen_pairwise_filtrates_02	1	55	5	EVO_1896	NA	ANC_1287	0.039974223189479734	0.06880875976068015	0.9999836746373423
bioscreen_pairwise_filtrates_02	1	56	1	EVO_1977	NA	ANC_1287	0.010770366059391145	0.08759319819182532	0.9998412529292513
bioscreen_pairwise_filtrates_02	1	57	2	EVO_1977	NA	ANC_1287	0.01091372342208882	0.08693486658588095	0.9998490486703102
bioscreen_pairwise_filtrates_02	1	58	3	EVO_1977	NA	ANC_1287	0.011106501257107437	0.08715516285308993	0.9998365932866925
bioscreen_pairwise_filtrates_02	1	59	4	EVO_1977	NA	ANC_1287	0.011147458318050057	0.08681913277864817	0.9998200176503055
bioscreen_pairwise_filtrates_02	1	6	1	EVO_1287	NA	ANC_0403	0.014494649086047508	0.17329420711146595	0.9999031293059892
bioscreen_pairwise_filtrates_02	1	60	5	EVO_1977	NA	ANC_1287	0.012103772386885769	0.08282152850619474	0.9997063324181578
bioscreen_pairwise_filtrates_02	1	61	1	EVO_0403	NA	EVO_1287	0.007544607676472077	0.19575182454628873	0.9995986815447858
bioscreen_pairwise_filtrates_02	1	62	2	EVO_0403	NA	EVO_1287	0.007256006705817785	0.1971903780640386	0.9996244953819777
bioscreen_pairwise_filtrates_02	1	63	3	EVO_0403	NA	EVO_1287	0.006710050819892509	0.202930802666094	0.999556737508084
bioscreen_pairwise_filtrates_02	1	64	4	EVO_0403	NA	EVO_1287	0.00789653963590699	0.18909845408938572	0.9996746068482891
bioscreen_pairwise_filtrates_02	1	65	5	EVO_0403	NA	EVO_1287	0.00678714799088591	0.19933395230870113	0.9995884869760552
bioscreen_pairwise_filtrates_02	1	66	1	EVO_1287	NA	EVO_1287	0.07880056017122801	0.008113391511582616	0.9942046969566645
bioscreen_pairwise_filtrates_02	1	67	2	EVO_1287	NA	EVO_1287	0.07837439423026653	0.010224169981478059	0.99356052873497
bioscreen_pairwise_filtrates_02	1	68	3	EVO_1287	NA	EVO_1287	0.07841465310125861	0.010039306412629323	0.9931466900873627
bioscreen_pairwise_filtrates_02	1	69	4	EVO_1287	NA	EVO_1287	0.0787539044622887	0.009436966569300037	0.9926431891302109
bioscreen_pairwise_filtrates_02	1	7	2	EVO_1287	NA	ANC_0403	0.013600992510303164	0.17992151072961726	0.9998991274013964
bioscreen_pairwise_filtrates_02	1	70	5	EVO_1287	NA	EVO_1287	0.07935186295965972	0.010853435848734468	0.9939902933917454
bioscreen_pairwise_filtrates_02	1	71	1	EVO_1896	NA	EVO_1287	0.041989738481788046	0.06649590876456628	0.9999799382328284
bioscreen_pairwise_filtrates_02	1	72	2	EVO_1896	NA	EVO_1287	0.03944795830711105	0.0716991509720759	0.9999876477064962
bioscreen_pairwise_filtrates_02	1	73	3	EVO_1896	NA	EVO_1287	0.0579185143169857	0.050183748633976094	0.9999486581208277
bioscreen_pairwise_filtrates_02	1	74	4	EVO_1896	NA	EVO_1287	0.03988083308607666	0.07108110770274441	0.9999896025731241
bioscreen_pairwise_filtrates_02	1	75	5	EVO_1896	NA	EVO_1287	0.039546634074236045	0.07165333115742518	0.999989867300169
bioscreen_pairwise_filtrates_02	1	76	1	EVO_1977	NA	EVO_1287	0.004753846515814473	0.14516216718479255	0.9997680427017839
bioscreen_pairwise_filtrates_02	1	77	2	EVO_1977	NA	EVO_1287	0.004850991280702187	0.14473575768858457	0.9997758772983433
bioscreen_pairwise_filtrates_02	1	78	3	EVO_1977	NA	EVO_1287	0.004897544413632951	0.14389708228205092	0.99978390777480175
bioscreen_pairwise_filtrates_02	1	79	4	EVO_1977	NA	EVO_1287	0.004764616911493154	0.14420689706961226	0.9997806898665904
bioscreen_pairwise_filtrates_02	1	8	3	EVO_1287	NA	ANC_0403	0.014183815135911283	0.17872937696347058	0.9999174686877338
bioscreen_pairwise_filtrates_02	1	80	5	EVO_1977	NA	EVO_1287	0.005620519461596176	0.13572596076229157	0.9997709632415419
bioscreen_pairwise_filtrates_02	1	81	1	EVO_0403	NA	ANC_1896	0.023656500770088525	0.13118847910290463	0.997997999271132
bioscreen_pairwise_filtrates_02	1	82	2	EVO_0403	NA	ANC_1896	0.024237364016966266	0.125109268984658	0.998702440510448
bioscreen_pairwise_filtrates_02	1	83	3	EVO_0403	NA	ANC_1896	0.024540255220702332	0.12683533234294012	0.998861223098699
bioscreen_pairwise_filtrates_02	1	84	4	EVO_0403	NA	ANC_1896	0.022695445240795132	0.1302760821992857	0.9987738161191387
bioscreen_pairwise_filtrates_02	1	85	5	EVO_0403	NA	ANC_1896	0.02398069294379697	0.12751275244409313	0.9988894732103545
bioscreen_pairwise_filtrates_02	1	86	1	EVO_1287	NA	ANC_1896	0.06809779274636336	0.025668836637209907	0.9998877032648866
bioscreen_pairwise_filtrates_02	1	87	2	EVO_1287	NA	ANC_1896	0.059637116493752695	0.030349593913733767	0.9999345280022739
bioscreen_pairwise_filtrates_02	1	88	3	EVO_1287	NA	ANC_1896	0.059876341234078076	0.030206759832439378	0.9999061228705112
bioscreen_pairwise_filtrates_02	1	89	4	EVO_1287	NA	ANC_1896	0.06042787992009913	0.029232251106162375	0.9999236217671499
bioscreen_pairwise_filtrates_02	1	9	4	EVO_1287	NA	ANC_0403	0.013996345899231911	0.17747228994000763	0.9999076714603992
bioscreen_pairwise_filtrates_02	1	90	5	EVO_1287	NA	ANC_1896	0.06163465961713135	0.02829719190071806	0.9998945812716048
bioscreen_pairwise_filtrates_02	1	91	1	EVO_1896	NA	ANC_1896	0.07975643756581487	0.009808666982942351	0.9846809100703866
bioscreen_pairwise_filtrates_02	1	92	2	EVO_1896	NA	ANC_1896	0.08034062511625552	0.00904763270304843	0.9732783879295899
bioscreen_pairwise_filtrates_02	1	93	3	EVO_1896	NA	ANC_1896	0.08044541108378275	0.00524538960943362	0.9867694933708046
bioscreen_pairwise_filtrates_02	1	94	4	EVO_1896	NA	ANC_1896	0.08113851210268973	0.005757684106645709	0.9792955855516997
bioscreen_pairwise_filtrates_02	1	95	5	EVO_1896	NA	ANC_1896	0.08143364728667281	0.0040406214110017165	0.9764468858959082
bioscreen_pairwise_filtrates_02	1	96	1	EVO_1977	NA	ANC_1896	0.010454239675252405	0.1749862771989317	0.9999283910377689
bioscreen_pairwise_filtrates_02	1	97	2	EVO_1977	NA	ANC_1896	0.008961446126757212	0.18114537049443122	0.9998641062352367
bioscreen_pairwise_filtrates_02	1	98	3	EVO_1977	NA	ANC_1896	0.009567254077114366	0.1806251292534056	0.9999060690794124
bioscreen_pairwise_filtrates_02	1	99	4	EVO_1977	NA	ANC_1896	0.008004447360164093	0.1877928257900805	0.99988329758049
bioscreen_strep_01	1	1	1	ANC_0403	0	NA	0.004205866629334005	0.3270451793371158	0.9995149901626728
bioscreen_strep_01	1	10	5	ANC_1287	0	NA	0.011140279114110222	0.39301567170416146	0.9996580967529508
bioscreen_strep_01	1	100	5	ANC_1977	32	NA	0.08370025267013448	0.006664895164538109	0.9879084960878792
bioscreen_strep_01	2	101	1	ANC_0403	64	NA	0.08532774368265901	0.00834125990903071	0.9922253397952144
bioscreen_strep_01	2	102	2	ANC_0403	64	NA	0.08302464078266078	0.007393210168552812	0.9942678623274072
bioscreen_strep_01	2	103	3	ANC_0403	64	NA	0.08201335588904186	0.010479620718077079	0.9950560586182253
bioscreen_strep_01	2	104	4	ANC_0403	64	NA	0.08198753345668999	0.009401097211484279	0.9963536589858543
bioscreen_strep_01	2	105	5	ANC_0403	64	NA	0.08175836417960121	0.010614096453772594	0.9955055058907547
bioscreen_strep_01	2	106	1	ANC_1287	64	NA	0.012775496211532502	0.3609930452019925	0.9997893542443631
bioscreen_strep_01	2	107	2	ANC_1287	64	NA	0.012791026494890606	0.3578775651611889	0.9998141170972782
bioscreen_strep_01	2	108	3	ANC_1287	64	NA	0.012375362685978131	0.3659321589009565	0.9997891132178123
bioscreen_strep_01	2	109	4	ANC_1287	64	NA	0.01160999964474871	0.3736526246166181	0.9997689779100217
bioscreen_strep_01	1	11	1	ANC_1896	0	NA	0.013325919867200409	0.19200677162659308	0.9999904080809677
bioscreen_strep_01	2	110	5	ANC_1287	64	NA	0.010933346485768401	0.38294037349489485	0.999738888870351
bioscreen_strep_01	2	111	1	ANC_1896	64	NA	0.012775186018539336	0.19247100028541916	0.9999907058650619
bioscreen_strep_01	2	112	2	ANC_1896	64	NA	0.012736315131972204	0.19310138982017858	0.9999900486167916
bioscreen_strep_01	2	113	3	ANC_1896	64	NA	0.012273475968059862	0.1964601002141988	0.9999888260739535
bioscreen_strep_01	2	114	4	ANC_1896	64	NA	0.011925257282540146	0.19791107994317994	0.9999879090919722
bioscreen_strep_01	2	115	5	ANC_1896	64	NA	0.012527003922973385	0.19472907257042107	0.9999896561612176
bioscreen_strep_01	2	116	1	ANC_1977	64	NA	0.08174435551967425	0.012543621978788421	0.9918010206290109
bioscreen_strep_01	2	117	2	ANC_1977	64	NA	0.08229227372970871	0.009123032066532645	0.9924209142150947
bioscreen_strep_01	2	118	3	ANC_1977	64	NA	0.08334401151413108	0.008666082891878594	0.9938655764958899
bioscreen_strep_01	2	119	4	ANC_1977	64	NA	0.08331251262229893	0.007639491828122346	0.9812695261785171
bioscreen_strep_01	1	12	2	ANC_1896	0	NA	0.012968299693738082	0.19447603034578775	0.9999895611938874
bioscreen_strep_01	2	120	5	ANC_1977	64	NA	0.08395366727273251	0.005506133505865478	0.9907123142733009
bioscreen_strep_01	2	121	1	ANC_0403	128	NA	0.0837105358281505	0.007388803585614987	0.9944174747580221
bioscreen_strep_01	2	122	2	ANC_0403	128	NA	0.08260453944577272	0.006855503173023012	0.9931335738744629
bioscreen_strep_01	2	123	3	ANC_0403	128	NA	0.0817729925987928	0.012476906871611439	0.9885747284208626
bioscreen_strep_01	2	124	4	ANC_0403	128	NA	0.08198185034772584	0.012324992408792932	0.9936632797466904
bioscreen_strep_01	2	125	5	ANC_0403	128	NA	0.08146597670930411	0.014511970342786477	0.9917397938728382
bioscreen_strep_01	2	126	1	ANC_1287	128	NA	0.018218659368118433	0.2894567953039397	0.9998994175490424
bioscreen_strep_01	2	127	2	ANC_1287	128	NA	0.014293695962632443	0.32211483277944103	0.9998963329212606
bioscreen_strep_01	2	128	3	ANC_1287	128	NA	0.013648722168853124	0.3271852151143593	0.9998728649209631
bioscreen_strep_01	2	129	4	ANC_1287	128	NA	0.016193518195057734	0.2987752292529618	0.9999184060898215
bioscreen_strep_01	1	13	3	ANC_1896	0	NA	0.013156171878972393	0.1939453470872375	0.9999896860097058
bioscreen_strep_01	2	130	5	ANC_1287	128	NA	0.015998454567527708	0.30638674879566347	0.9999023254460842
bioscreen_strep_01	2	131	1	ANC_1896	128	NA	0.012323700008888095	0.19299026632702931	0.9999884634216966
bioscreen_strep_01	2	132	2	ANC_1896	128	NA	0.012509549435128007	0.19698912591955423	0.9999855936991812
bioscreen_strep_01	2	133	3	ANC_1896	128	NA	0.012364428743355013	0.19613238015913512	0.9999860693554842
bioscreen_strep_01	2	134	4	ANC_1896	128	NA	0.01218693316351399	0.19613022750601114	0.9999880227540304
bioscreen_strep_01	2	135	5	ANC_1896	128	NA	0.012569202177430681	0.19398592728338884	0.9999882467208626
bioscreen_strep_01	2	136	1	ANC_1977	128	NA	0.08227352734549832	0.009371220036167938	0.9932986173450824
bioscreen_strep_01	2	137	2	ANC_1977	128	NA	0.08231465736726032	0.0087425401269434	0.9915594140801358
bioscreen_strep_01	2	138	3	ANC_1977	128	NA	0.08333203786288866	0.008743170212445561	0.99128839989338
bioscreen_strep_01	2	139	4	ANC_1977	128	NA	0.08799961720213641	0.023180110620280022	0.999364969755284
bioscreen_strep_01	1	14	4	ANC_1896	0	NA	0.012835912270606148	0.19447050106768152	0.9999896795519253
bioscreen_strep_01	2	140	5	ANC_1977	128	NA	0.0845666246849992	0.004426411649281615	0.9889238252019902
bioscreen_strep_01	2	141	1	ANC_0403	256	NA	0.08382624544977582	0.007764888857091454	0.9943037469494344
bioscreen_strep_01	2	142	2	ANC_0403	256	NA	0.08257868737313011	0.011489699107503727	0.9905929497975331
bioscreen_strep_01	2	143	3	ANC_0403	256	NA	0.08174086752463983	0.011587365084229596	0.9943544316062093
bioscreen_strep_01	2	144	4	ANC_0403	256	NA	0.08143920552924036	0.013479542829842657	0.9927161549044144
bioscreen_strep_01	2	145	5	ANC_0403	256	NA	0.08203503176644016	0.011033537519063115	0.9914272179079602
bioscreen_strep_01	2	146	1	ANC_1287	256	NA	0.011466635869493267	0.20274493849057754	0.9999463205736215
bioscreen_strep_01	2	147	2	ANC_1287	256	NA	0.008740858944250899	0.2250111803399594	0.9998573165548459
bioscreen_strep_01	2	148	3	ANC_1287	256	NA	0.01540201407971806	0.17307263398391112	0.999968924760795
bioscreen_strep_01	2	149	4	ANC_1287	256	NA	0.01090980495704684	0.18652502744878893	0.999973020896847
bioscreen_strep_01	1	15	5	ANC_1896	0	NA	0.013365791239509178	0.192693118581728	0.9999895976594889
bioscreen_strep_01	2	150	5	ANC_1287	256	NA	0.012625895245501095	0.18400348211302756	0.9999709427930262
bioscreen_strep_01	2	151	1	ANC_1896	256	NA	0.012910599327021233	0.18498101619473928	0.9999879832750709
bioscreen_strep_01	2	152	2	ANC_1896	256	NA	0.012395734034579175	0.18964870061597472	0.9999853506063112
bioscreen_strep_01	2	153	3	ANC_1896	256	NA	0.012653010934177642	0.18730298667887077	0.9999886898896845
bioscreen_strep_01	2	154	4	ANC_1896	256	NA	0.011831306789274857	0.18701317774765222	0.9999875340109357
bioscreen_strep_01	2	155	5	ANC_1896	256	NA	0.012098546347658622	0.19078591793481303	0.9999867304454181
bioscreen_strep_01	2	156	1	ANC_1977	256	NA	0.0837569313285617	0.010379302255974027	0.9948630252887799
bioscreen_strep_01	2	157	2	ANC_1977	256	NA	0.08201045258265122	0.00945246643593844	0.9938539865623357
bioscreen_strep_01	2	158	3	ANC_1977	256	NA	0.0828683403304974	0.0071578243237455695	0.9858812395280858
bioscreen_strep_01	2	159	4	ANC_1977	256	NA	0.08333035984461719	0.008682930679423276	0.9916749256735181
bioscreen_strep_01	1	16	1	ANC_1977	0	NA	0.004029771560877258	0.3818824595749423	0.9998827015096304
bioscreen_strep_01	2	160	5	ANC_1977	256	NA	0.08412691183682837	0.005537390087571898	0.9929062029019956
bioscreen_strep_01	2	161	1	ANC_0403	512	NA	0.08410998599316852	0.005204333270339562	0.9926083594199839
bioscreen_strep_01	2	162	2	ANC_0403	512	NA	0.0840712501374947	0.007105325749729948	0.9918956966980857
bioscreen_strep_01	2	163	3	ANC_0403	512	NA	0.08290152271887373	0.006273831519165006	0.9897626714634593
bioscreen_strep_01	2	164	4	ANC_0403	512	NA	0.08254906769079957	0.007674950336499907	0.9902074970948298
bioscreen_strep_01	2	165	5	ANC_0403	512	NA	0.08262036917911462	0.008908735596656682	0.9937901937404748
bioscreen_strep_01	2	166	1	ANC_1287	512	NA	0.0012937989217153996	0.17205815359832788	0.999983141496594
bioscreen_strep_01	2	167	2	ANC_1287	512	NA	0.0028032266873157506	0.17822538529060003	0.9999763143018231
bioscreen_strep_01	2	168	3	ANC_1287	512	NA	0.005276523768265422	0.13479493461838177	0.9999836471201007
bioscreen_strep_01	2	169	4	ANC_1287	512	NA	1.287509212451752e-4	0.22779308596956419	0.9999490333387644
bioscreen_strep_01	1	17	2	ANC_1977	0	NA	0.0040130619377575115	0.3844490369215383	0.9998786699045532
bioscreen_strep_01	2	170	5	ANC_1287	512	NA	1.9358731656692128e-4	0.19919657360161902	0.9999630995587455
bioscreen_strep_01	2	171	1	ANC_1896	512	NA	0.01901065016912396	0.11008893680245935	0.9999975357651081
bioscreen_strep_01	2	172	2	ANC_1896	512	NA	0.021085393033386073	0.11048631918152724	0.9999976129540153
bioscreen_strep_01	2	173	3	ANC_1896	512	NA	0.01903983229959286	0.1182472994668461	0.9999976994367358
bioscreen_strep_01	2	174	4	ANC_1896	512	NA	0.01833426631167907	0.1177325252507533	0.9999975659276954
bioscreen_strep_01	2	175	5	ANC_1896	512	NA	0.020625782251070996	0.10515672598705972	0.9999985978837143
bioscreen_strep_01	2	176	1	ANC_1977	512	NA	0.08375993194333915	0.0059839718638200964	0.9918963348282017
bioscreen_strep_01	2	177	2	ANC_1977	512	NA	0.08329443461437216	0.007637503888634407	0.9915819031940964
bioscreen_strep_01	2	178	3	ANC_1977	512	NA	0.08360124454699218	0.006524817003231813	0.9892367281117213
bioscreen_strep_01	2	179	4	ANC_1977	512	NA	0.08401069524553198	0.009209396541640758	0.9824368209457011
bioscreen_strep_01	1	18	3	ANC_1977	0	NA	0.0036369326651306314	0.38573351919683674	0.9998907724317179
bioscreen_strep_01	2	180	5	ANC_1977	512	NA	0.08488977279206451	0.004871673944471268	0.9877048011065188
bioscreen_strep_01	2	181	1	ANC_0403	1024	NA	0.08375986490482475	0.005985531938925434	0.9938432238124835
bioscreen_strep_01	2	182	2	ANC_0403	1024	NA	0.0829733235832459	0.005511614137411005	0.9839561595270078
bioscreen_strep_01	2	183	3	ANC_0403	1024	NA	0.08376072998787217	0.004135457972258105	0.9883015053039677
bioscreen_strep_01	2	184	4	ANC_0403	1024	NA	0.08286135263728839	0.00702900748592399	0.9909448719259835
bioscreen_strep_01	2	185	5	ANC_0403	1024	NA	0.0833103230490703	0.007700964759024355	0.991539955780901
bioscreen_strep_01	2	186	1	ANC_1287	1024	NA	0.08388483818172687	0.005052371743120865	0.9835072159687209
bioscreen_strep_01	2	187	2	ANC_1287	1024	NA	0.003962587498691571	0.0717195927099644	0.9993571465322102
bioscreen_strep_01	2	188	3	ANC_1287	1024	NA	0.08359542593289368	0.005919994089131428	0.9917236586904112
bioscreen_strep_01	2	189	4	ANC_1287	1024	NA	0.0833122356239551	0.0076730707205327495	0.9913064531371839
bioscreen_strep_01	1	19	4	ANC_1977	0	NA	0.0038801668878548365	0.38871746168975907	0.999887728382013
bioscreen_strep_01	2	190	5	ANC_1287	1024	NA	0.08283159447650822	0.007874585211861254	0.9849083103686922
bioscreen_strep_01	2	191	1	ANC_1896	1024	NA	0.08302322636590323	0.007182257391968454	0.9964132100695636
bioscreen_strep_01	2	192	2	ANC_1896	1024	NA	0.08383751933122065	0.00940477557891979	0.9956646364131821
bioscreen_strep_01	2	193	3	ANC_1896	1024	NA	0.08429934257281861	0.008747051055666305	0.9959110055756922
bioscreen_strep_01	2	194	4	ANC_1896	1024	NA	0.08552130185129024	0.010268976564818786	0.9964135909861269
bioscreen_strep_01	2	195	5	ANC_1896	1024	NA	0.08530297210103815	0.00851565948617761	0.9969627438721343
bioscreen_strep_01	2	196	1	ANC_1977	1024	NA	0.08426632221697995	0.01107747129691778	0.9978775932966051
bioscreen_strep_01	2	197	2	ANC_1977	1024	NA	0.08524324868877801	0.0376377166541567	0.9771100092280517
bioscreen_strep_01	2	198	3	ANC_1977	1024	NA	0.08466777487705562	0.011370096565405918	0.9976858896635654
bioscreen_strep_01	2	199	4	ANC_1977	1024	NA	0.08412704798089504	0.01060161047083306	0.9976992787564288
bioscreen_strep_01	1	2	2	ANC_0403	0	NA	0.004363268267917043	0.322989700846817	0.9995732132771257
bioscreen_strep_01	1	20	5	ANC_1977	0	NA	0.0037622979840170375	0.39150527884542013	0.9998969257654761
bioscreen_strep_01	2	200	5	ANC_1977	1024	NA	0.08383271920178517	0.007696708093919767	0.9979509303252225
bioscreen_strep_01	1	21	1	ANC_0403	4	NA	0.0023209909800863027	0.2951097074201589	0.9998037569518342
bioscreen_strep_01	1	22	2	ANC_0403	4	NA	0.002558516980741242	0.2921246678496318	0.9998368469699638
bioscreen_strep_01	1	23	3	ANC_0403	4	NA	0.0028594384589262067	0.29299824557478144	0.9998186895510385
bioscreen_strep_01	1	24	4	ANC_0403	4	NA	0.004825619719745498	0.25634001223292985	0.9998151700849068
bioscreen_strep_01	1	25	5	ANC_0403	4	NA	0.0027948292293634583	0.29248638502145724	0.9998092341421082
bioscreen_strep_01	1	26	1	ANC_1287	4	NA	0.009912568478049165	0.4109303586848005	0.9996285525592036
bioscreen_strep_01	1	27	2	ANC_1287	4	NA	0.010454679718944706	0.40418561425444577	0.9996430580766716
bioscreen_strep_01	1	28	3	ANC_1287	4	NA	0.01081215159169406	0.40166894336028974	0.999629687237725
bioscreen_strep_01	1	29	4	ANC_1287	4	NA	0.009481684578948638	0.4055676912331367	0.9996651216744155
bioscreen_strep_01	1	3	3	ANC_0403	0	NA	0.004326288899571284	0.32211150533047445	0.9995774815732018
bioscreen_strep_01	1	30	5	ANC_1287	4	NA	0.011413287544868212	0.3908527994407349	0.9996275288693622
bioscreen_strep_01	1	31	1	ANC_1896	4	NA	0.012664758253409635	0.19796370095602991	0.9999868575778895
bioscreen_strep_01	1	32	2	ANC_1896	4	NA	0.01221533475909167	0.20211446458397594	0.9999836476819721
bioscreen_strep_01	1	33	3	ANC_1896	4	NA	0.014144774878645232	0.19186172902864848	0.9999731229865186
bioscreen_strep_01	1	34	4	ANC_1896	4	NA	0.012280745192535589	0.19998001926926479	0.999986159110715
bioscreen_strep_01	1	35	5	ANC_1896	4	NA	0.012509020396082966	0.19895152170718378	0.9999850261656882
bioscreen_strep_01	1	36	1	ANC_1977	4	NA	0.004135337935495531	0.3465301443224016	0.9999148865767875
bioscreen_strep_01	1	37	2	ANC_1977	4	NA	0.0036669578880207912	0.3484957415979311	0.9998994143226204
bioscreen_strep_01	1	38	3	ANC_1977	4	NA	0.004162215487565172	0.34604384925189646	0.9999094249526621
bioscreen_strep_01	1	39	4	ANC_1977	4	NA	0.003706704358740861	0.3465938946487437	0.9999142544312773
bioscreen_strep_01	1	4	4	ANC_0403	0	NA	0.004351565603233339	0.31917856167917286	0.9996142969907826
bioscreen_strep_01	1	40	5	ANC_1977	4	NA	0.0034885820453561794	0.356854086293045	0.9999199726184613
bioscreen_strep_01	1	41	1	ANC_0403	8	NA	0.0016755471569190443	0.2923324286191508	0.9997979162400086
bioscreen_strep_01	1	42	2	ANC_0403	8	NA	0.002225842361009676	0.290352261363068	0.9998028610155174
bioscreen_strep_01	1	43	3	ANC_0403	8	NA	0.00227698672087949	0.29072263579316404	0.9998065516417729
bioscreen_strep_01	1	44	4	ANC_0403	8	NA	0.002510534411233413	0.29011133359145763	0.9998122103257597
bioscreen_strep_01	1	45	5	ANC_0403	8	NA	0.0027140257653128297	0.2857096639514517	0.9998304047114365
bioscreen_strep_01	1	46	1	ANC_1287	8	NA	0.010278987443355106	0.4083328795860062	0.9995567481598844
bioscreen_strep_01	1	47	2	ANC_1287	8	NA	0.010475752510188806	0.40136015997670654	0.9996092507858395
bioscreen_strep_01	1	48	3	ANC_1287	8	NA	0.010645834963426361	0.405624172237846	0.9996162602928806
bioscreen_strep_01	1	49	4	ANC_1287	8	NA	0.010838768751762536	0.3985473923045358	0.9996448352297862
bioscreen_strep_01	1	5	5	ANC_0403	0	NA	0.004485167903059712	0.3174364701440836	0.9996447064917764
bioscreen_strep_01	1	50	5	ANC_1287	8	NA	0.011608917915255923	0.390807389270492	0.9995987648667239
bioscreen_strep_01	1	51	1	ANC_1896	8	NA	0.012955852403921955	0.1953193348671913	0.9999879754064223
bioscreen_strep_01	1	52	2	ANC_1896	8	NA	0.011816905125813749	0.1977878838527116	0.9999869018309125
bioscreen_strep_01	1	53	3	ANC_1896	8	NA	0.012587070357107879	0.1993378461865587	0.9999856076005785
bioscreen_strep_01	1	54	4	ANC_1896	8	NA	0.012594204664226097	0.1980463042362218	0.9999865115360729
bioscreen_strep_01	1	55	5	ANC_1896	8	NA	0.012608720881325225	0.19796125664315922	0.9999863819090582
bioscreen_strep_01	1	56	1	ANC_1977	8	NA	0.004353477517669579	0.30511836187561947	0.9999022903502427
bioscreen_strep_01	1	57	2	ANC_1977	8	NA	0.0040143405182098335	0.31267966005347153	0.999929153209153
bioscreen_strep_01	1	58	3	ANC_1977	8	NA	0.0034136156859815832	0.31199944724011774	0.999921577183551
bioscreen_strep_01	1	59	4	ANC_1977	8	NA	0.004342235714530282	0.3059471848775808	0.9999386776188937
bioscreen_strep_01	1	6	1	ANC_1287	0	NA	0.01198045175278394	0.3802265288584141	0.9997018876655256
bioscreen_strep_01	1	60	5	ANC_1977	8	NA	0.0036921314914407167	0.31870700090872056	0.9999389136001889
bioscreen_strep_01	1	61	1	ANC_0403	16	NA	0.00105382996133523	0.3099364005843093	0.9998024430094211
bioscreen_strep_01	1	62	2	ANC_0403	16	NA	0.001311907960125811	0.31207850526248343	0.9997818317979946
bioscreen_strep_01	1	63	3	ANC_0403	16	NA	0.0016664523425114744	0.2719548068549457	0.9998547484593171
bioscreen_strep_01	1	64	4	ANC_0403	16	NA	0.001655526774566824	0.2727895890568191	0.9998385967014294
bioscreen_strep_01	1	65	5	ANC_0403	16	NA	0.0014492689578799976	0.27861877505666843	0.9998280253539659
bioscreen_strep_01	1	66	1	ANC_1287	16	NA	0.010236077247816272	0.4074807080277458	0.9995713200231804
bioscreen_strep_01	1	67	2	ANC_1287	16	NA	0.010118382577744106	0.4084528112036425	0.9995813341380497
bioscreen_strep_01	1	68	3	ANC_1287	16	NA	0.010344063846807946	0.4099521808384712	0.9995548745750215
bioscreen_strep_01	1	69	4	ANC_1287	16	NA	0.010571778973944491	0.401003980084446	0.9996154794685774
bioscreen_strep_01	1	7	2	ANC_1287	0	NA	0.01183724529308324	0.38596207315151015	0.9996771449662775
bioscreen_strep_01	1	70	5	ANC_1287	16	NA	0.013560925194278149	0.3686577188946089	0.9995131180615352
bioscreen_strep_01	1	71	1	ANC_1896	16	NA	0.012386410864489704	0.196814491599694	0.9999883238294511
bioscreen_strep_01	1	72	2	ANC_1896	16	NA	0.012967486947440834	0.19470879697907226	0.9999893093492026
bioscreen_strep_01	1	73	3	ANC_1896	16	NA	0.012633915564192147	0.19574238682672193	0.9999888385894634
bioscreen_strep_01	1	74	4	ANC_1896	16	NA	0.012544497733349886	0.19624931636685547	0.99998853559414
bioscreen_strep_01	1	75	5	ANC_1896	16	NA	0.012546458395969736	0.19567361746055723	0.9999879555769614
bioscreen_strep_01	1	76	1	ANC_1977	16	NA	0.04198817764357856	0.01815108425330685	0.9990815183833609
bioscreen_strep_01	1	77	2	ANC_1977	16	NA	1.9256360830008075e-4	0.2551633430110256	0.9999351850089128
bioscreen_strep_01	1	78	3	ANC_1977	16	NA	4.595264866046911e-5	0.2505947566858547	0.9999382246266526
bioscreen_strep_01	1	79	4	ANC_1977	16	NA	1.8874679818082378e-5	0.25384827848927694	0.9999119808452155
bioscreen_strep_01	1	8	3	ANC_1287	0	NA	0.011840089351839942	0.38322490778290375	0.9996882139910283
bioscreen_strep_01	1	80	5	ANC_1977	16	NA	1.4596702482269433e-5	0.2204874894835048	0.9998254736374323
bioscreen_strep_01	1	81	1	ANC_0403	32	NA	6.101674342823798e-4	0.3517121539379593	0.9996583519196628
bioscreen_strep_01	1	82	2	ANC_0403	32	NA	7.299240210842281e-4	0.22369605126347594	0.9999746026032994
bioscreen_strep_01	1	83	3	ANC_0403	32	NA	8.12706432228203e-4	0.33537206208273296	0.9997345599146107
bioscreen_strep_01	1	84	4	ANC_0403	32	NA	6.11016248337392e-4	0.3446502546822932	0.9996923735833827
bioscreen_strep_01	1	85	5	ANC_0403	32	NA	8.680599837077123e-4	0.22168554017125794	0.9999701191476925
bioscreen_strep_01	1	86	1	ANC_1287	32	NA	0.013300101194615232	0.35415422032273974	0.9997872176605194
bioscreen_strep_01	1	87	2	ANC_1287	32	NA	0.013279218041292699	0.35534199143639067	0.9997813260272479
bioscreen_strep_01	1	88	3	ANC_1287	32	NA	0.012765951331873662	0.35870752186301263	0.9997600075131153
bioscreen_strep_01	1	89	4	ANC_1287	32	NA	0.012250018395646357	0.3730132635291125	0.9996973176619408
bioscreen_strep_01	1	9	4	ANC_1287	0	NA	0.012259060269368847	0.3796473360932871	0.9996913151876767
bioscreen_strep_01	1	90	5	ANC_1287	32	NA	0.01254458472741644	0.36117211163390217	0.9997682087603821
bioscreen_strep_01	1	91	1	ANC_1896	32	NA	0.012755416085394487	0.1955428110454206	0.9999871929479593
bioscreen_strep_01	1	92	2	ANC_1896	32	NA	0.012600248385752208	0.19494763120388345	0.9999885106874058
bioscreen_strep_01	1	93	3	ANC_1896	32	NA	0.012543245638647548	0.19479467641071793	0.9999886227722768
bioscreen_strep_01	1	94	4	ANC_1896	32	NA	0.012887371491606134	0.19193267337171208	0.9999896914871108
bioscreen_strep_01	1	95	5	ANC_1896	32	NA	0.012598442318272804	0.193723600747205	0.999988726735742
bioscreen_strep_01	1	96	1	ANC_1977	32	NA	0.08431149155081437	0.0076035158273992315	0.9865664486557989
bioscreen_strep_01	1	97	2	ANC_1977	32	NA	0.08404781390823954	0.006779144191994411	0.9949176886414004
bioscreen_strep_01	1	98	3	ANC_1977	32	NA	0.08383603355136883	0.005361218937178097	0.9814524054172444
bioscreen_strep_01	1	99	4	ANC_1977	32	NA	0.08334401161028594	0.008666085470802862	0.9770650446652699
bioscreen_strep_02	1	1	1	ANC_0403	2048	NA	0.08165646735504127	0.008181889744881305	0.9761724538247317
bioscreen_strep_02	1	10	5	ANC_1287	2048	NA	0.08132027150954849	0.008908562301712263	0.9896942327935006
bioscreen_strep_02	2	100	5	EVO_1977	8	NA	0.001842703240728081	0.35546921349211025	0.9998157284567863
bioscreen_strep_02	2	101	1	EVO_0403	16	NA	0.004697206685966641	0.31677814643548097	0.9996210494284522
bioscreen_strep_02	2	102	2	EVO_0403	16	NA	0.005224871857567111	0.30438143810379886	0.9996912156955374
bioscreen_strep_02	2	103	3	EVO_0403	16	NA	0.005084797683357637	0.30335848734376064	0.9997114599101068
bioscreen_strep_02	2	104	4	EVO_0403	16	NA	0.005245911725123249	0.29873391165625324	0.999711046119658
bioscreen_strep_02	2	105	5	EVO_0403	16	NA	0.005281053699381493	0.29990369429065633	0.9997174244140773
bioscreen_strep_02	2	106	1	EVO_1287	16	NA	0.009846419742572263	0.27893120786310877	0.999887302895816
bioscreen_strep_02	2	107	2	EVO_1287	16	NA	0.009663751689691828	0.2804551020092086	0.9998886212132818
bioscreen_strep_02	2	108	3	EVO_1287	16	NA	0.009173165114767417	0.2865645629117266	0.9998587990363277
bioscreen_strep_02	2	109	4	EVO_1287	16	NA	0.00887326490877025	0.2876885529486576	0.9998656899322748
bioscreen_strep_02	1	11	1	ANC_1896	2048	NA	0.08106133471070089	0.007914030344743925	0.9887717080034446
bioscreen_strep_02	2	110	5	EVO_1287	16	NA	0.009671285243433567	0.27933387873019094	0.9998790189133865
bioscreen_strep_02	2	111	1	EVO_1896	16	NA	0.013915806407098753	0.15200159982725295	0.9999957325684483
bioscreen_strep_02	2	112	2	EVO_1896	16	NA	0.013643748015453892	0.15094269422330667	0.9999966335431509
bioscreen_strep_02	2	113	3	EVO_1896	16	NA	0.014170439094245016	0.15004552223574955	0.9999964560108331
bioscreen_strep_02	2	114	4	EVO_1896	16	NA	0.013552410070042042	0.15211261246969807	0.9999960528517673
bioscreen_strep_02	2	115	5	EVO_1896	16	NA	0.01342441719400035	0.15198089165027526	0.9999963847163885
bioscreen_strep_02	2	116	1	EVO_1977	16	NA	0.0022497055326718336	0.34114828637347494	0.9998539941844182
bioscreen_strep_02	2	117	2	EVO_1977	16	NA	0.0021916067234603698	0.34257343378963673	0.999841553043599
bioscreen_strep_02	2	118	3	EVO_1977	16	NA	0.002136662306631108	0.3421531629042421	0.9998322128824958
bioscreen_strep_02	2	119	4	EVO_1977	16	NA	0.0022191547134978672	0.3421497265178813	0.9998354913473907
bioscreen_strep_02	1	12	2	ANC_1896	2048	NA	0.07974046435082281	0.010588156076467096	0.989753483641729
bioscreen_strep_02	2	120	5	EVO_1977	16	NA	0.001954250276703813	0.3537326234454794	0.9998337640438565
bioscreen_strep_02	2	121	1	EVO_0403	32	NA	0.004594888519244175	0.31815040010971024	0.9996403878055905
bioscreen_strep_02	2	122	2	EVO_0403	32	NA	0.004859153163918618	0.3113920450730056	0.9996748988810813
bioscreen_strep_02	2	123	3	EVO_0403	32	NA	0.004554276289038785	0.31631358069869603	0.9996634325011544
bioscreen_strep_02	2	124	4	EVO_0403	32	NA	0.004841825415682825	0.31264967039678726	0.9996890346345473
bioscreen_strep_02	2	125	5	EVO_0403	32	NA	0.004766131417721844	0.3127839874914581	0.9996805980093821
bioscreen_strep_02	2	126	1	EVO_1287	32	NA	0.009204927838948036	0.27930604049409297	0.9998600352864995
bioscreen_strep_02	2	127	2	EVO_1287	32	NA	0.00934904358927916	0.28024954675408825	0.9998500797508993
bioscreen_strep_02	2	128	3	EVO_1287	32	NA	0.00953684552453866	0.2797063848551049	0.9998442860602411
bioscreen_strep_02	2	129	4	EVO_1287	32	NA	0.009556301005820713	0.28474987112040634	0.9998315280041697
bioscreen_strep_02	1	13	3	ANC_1896	2048	NA	0.07974056870933383	0.011685970246208958	0.9903019221856898
bioscreen_strep_02	2	130	5	EVO_1287	32	NA	0.009680853281833877	0.27279202521909224	0.9998526786074766
bioscreen_strep_02	2	131	1	EVO_1896	32	NA	0.012601713460477218	0.15614113816560626	0.9999957021775888
bioscreen_strep_02	2	132	2	EVO_1896	32	NA	0.015124974298809246	0.14518585876196408	0.9999960866003405
bioscreen_strep_02	2	133	3	EVO_1896	32	NA	0.014506553180890815	0.14639669549711412	0.999996178470967
bioscreen_strep_02	2	134	4	EVO_1896	32	NA	0.015219571267076034	0.1437786700131483	0.9999963494598597
bioscreen_strep_02	2	135	5	EVO_1896	32	NA	0.0151904297450889	0.143712871894788	0.9999963469198646
bioscreen_strep_02	2	136	1	EVO_1977	32	NA	0.0020905861488350417	0.34437484041416827	0.9998605438315514
bioscreen_strep_02	2	137	2	EVO_1977	32	NA	0.0019071540429611519	0.35130539642968256	0.9998523031140779
bioscreen_strep_02	2	138	3	EVO_1977	32	NA	0.002048769443992454	0.34855703761627693	0.9998408159849362
bioscreen_strep_02	2	139	4	EVO_1977	32	NA	0.001891808013775937	0.3497131415200001	0.9998538571764456
bioscreen_strep_02	1	14	4	ANC_1896	2048	NA	0.07935355435366673	0.010448118875887894	0.9885202274335788
bioscreen_strep_02	2	140	5	EVO_1977	32	NA	0.0017722551120452575	0.3560527584999314	0.9998074708328989
bioscreen_strep_02	1	15	5	ANC_1896	2048	NA	0.08051241903711913	0.010408438766694983	0.9825109081913519
bioscreen_strep_02	1	16	1	ANC_1977	2048	NA	0.07933040992316667	0.011224407564380354	0.9852368368181701
bioscreen_strep_02	1	17	2	ANC_1977	2048	NA	0.07975735855685269	0.009817161640269816	0.9819569431100181
bioscreen_strep_02	1	18	3	ANC_1977	2048	NA	0.08038185893448731	0.010064611536894077	0.9896681604197755
bioscreen_strep_02	1	19	4	ANC_1977	2048	NA	0.0813348790798204	0.006057161777241101	0.9772648285472868
bioscreen_strep_02	1	2	2	ANC_0403	2048	NA	0.08105979101697065	0.007943009817324128	0.983588919245158
bioscreen_strep_02	1	20	5	ANC_1977	2048	NA	0.08203248450387453	0.007864895441800185	0.9866351548058612
bioscreen_strep_02	1	21	1	ANC_0403	4096	NA	0.08077657438444495	0.0038782122160666995	0.9825471061087862
bioscreen_strep_02	1	22	2	ANC_0403	4096	NA	0.0803034267766754	0.004727918452213475	0.9889366517948356
bioscreen_strep_02	1	23	3	ANC_0403	4096	NA	0.07985532768109978	0.007949329710352811	0.9661090432601919
bioscreen_strep_02	1	24	4	ANC_0403	4096	NA	0.07952697597088079	0.010378231488452386	0.9879655317154236
bioscreen_strep_02	1	25	5	ANC_0403	4096	NA	0.0793108743896355	0.008087381025802932	0.9900017866349823
bioscreen_strep_02	1	26	1	ANC_1287	4096	NA	0.07927365662688732	0.009718020680674034	0.9888701785700206
bioscreen_strep_02	1	27	2	ANC_1287	4096	NA	0.07901043465901086	0.009700544095083601	0.9873897070959033
bioscreen_strep_02	1	28	3	ANC_1287	4096	NA	0.07940341509810075	0.01002912953259484	0.991671303790504
bioscreen_strep_02	1	29	4	ANC_1287	4096	NA	0.07965740432475907	0.008350259795020644	0.9938780581707294
bioscreen_strep_02	1	3	3	ANC_0403	2048	NA	0.08041594173389816	0.009603944280472598	0.9919724440289228
bioscreen_strep_02	1	30	5	ANC_1287	4096	NA	0.08160532828299123	0.007062428285036289	0.9786860640010838
bioscreen_strep_02	1	31	1	ANC_1896	4096	NA	0.08006238240460031	0.00899762282183564	0.9824624112089135
bioscreen_strep_02	1	32	2	ANC_1896	4096	NA	0.07935271935842393	0.010460795495231323	0.9935164795787634
bioscreen_strep_02	1	33	3	ANC_1896	4096	NA	0.0793070040535076	0.011787013505175024	0.9961949780436674
bioscreen_strep_02	1	34	4	ANC_1896	4096	NA	0.07870146031286228	0.012279574860755343	0.9930713371215948
bioscreen_strep_02	1	35	5	ANC_1896	4096	NA	0.07897288257486462	0.011445071620589962	0.991964106042486
bioscreen_strep_02	1	36	1	ANC_1977	4096	NA	0.07900253851262135	0.009647663627015373	0.9883346785245646
bioscreen_strep_02	1	37	2	ANC_1977	4096	NA	0.07897292203624022	0.011446062784522508	0.9887357822334994
bioscreen_strep_02	1	38	3	ANC_1977	4096	NA	0.0795748525804701	0.009948682903753945	0.9838359185310827
bioscreen_strep_02	1	39	4	ANC_1977	4096	NA	0.08092196268749682	0.0074254314244493755	0.9852504934587403
bioscreen_strep_02	1	4	4	ANC_0403	2048	NA	0.07978126538798692	0.00927097899460054	0.9967733721200773
bioscreen_strep_02	1	40	5	ANC_1977	4096	NA	0.08135096770912051	0.006371392668904629	0.9742944353700774
bioscreen_strep_02	2	41	1	EVO_0403	0	NA	0.0053567382497849945	0.30266548500921303	0.9997383538391933
bioscreen_strep_02	2	42	2	EVO_0403	0	NA	0.005088635810391971	0.30591396293970735	0.9997227802010048
bioscreen_strep_02	2	43	3	EVO_0403	0	NA	0.004902776454980177	0.3062317964120782	0.9997087934756472
bioscreen_strep_02	2	44	4	EVO_0403	0	NA	0.0050419519052382015	0.3034527885438623	0.9997328031707399
bioscreen_strep_02	2	45	5	EVO_0403	0	NA	0.005052796845851195	0.3001312126389955	0.9997100320276193
bioscreen_strep_02	2	46	1	EVO_1287	0	NA	0.009473139688928368	0.27440192760267884	0.999893750436024
bioscreen_strep_02	2	47	2	EVO_1287	0	NA	0.009307252416792304	0.2740178081077332	0.9998969369031852
bioscreen_strep_02	2	48	3	EVO_1287	0	NA	0.009308894047481829	0.27485148643089496	0.9999052845768662
bioscreen_strep_02	2	49	4	EVO_1287	0	NA	0.00955124958878638	0.2746039621017387	0.9999027487058877
bioscreen_strep_02	1	5	5	ANC_0403	2048	NA	0.08034086867566845	0.008866060445177642	0.9932954284141782
bioscreen_strep_02	2	50	5	EVO_1287	0	NA	0.00875389447020322	0.28552669115838536	0.9998913270544898
bioscreen_strep_02	2	51	1	EVO_1896	0	NA	0.012453624178682027	0.15627600401693553	0.9999946837240863
bioscreen_strep_02	2	52	2	EVO_1896	0	NA	0.012162655084904397	0.1578796992735597	0.999995119067847
bioscreen_strep_02	2	53	3	EVO_1896	0	NA	0.01217151096465426	0.15966187684569122	0.9999952964075464
bioscreen_strep_02	2	54	4	EVO_1896	0	NA	0.01204167970705522	0.15940237825663006	0.9999948334141175
bioscreen_strep_02	2	55	5	EVO_1896	0	NA	0.011714168751242962	0.16033974605607706	0.999995245973218
bioscreen_strep_02	2	56	1	EVO_1977	0	NA	0.0021327435596164364	0.34225131327601205	0.9998533026202722
bioscreen_strep_02	2	57	2	EVO_1977	0	NA	0.0019465528980534314	0.34986479665662246	0.9998347886896949
bioscreen_strep_02	2	58	3	EVO_1977	0	NA	0.0018927881596983354	0.3500471716849111	0.9998276576079801
bioscreen_strep_02	2	59	4	EVO_1977	0	NA	0.0018054188076084172	0.3560915708839267	0.9998262929306897
bioscreen_strep_02	1	6	1	ANC_1287	2048	NA	0.08007540123105397	0.011052101573016311	0.9897117593339902
bioscreen_strep_02	2	60	5	EVO_1977	0	NA	0.001865121935300389	0.35104611093706856	0.9998196258774277
bioscreen_strep_02	2	61	1	EVO_0403	4	NA	0.005253092609935732	0.30319460547401	0.9996937951869517
bioscreen_strep_02	2	62	2	EVO_0403	4	NA	0.005435613355561967	0.2981608344427879	0.9997039169059284
bioscreen_strep_02	2	63	3	EVO_0403	4	NA	0.00584395644685523	0.28673449112214283	0.9996993108510067
bioscreen_strep_02	2	64	4	EVO_0403	4	NA	0.005399760340537027	0.29560691215107976	0.9997288653486758
bioscreen_strep_02	2	65	5	EVO_0403	4	NA	0.006542566801922156	0.2789568051884772	0.9997264016175889
bioscreen_strep_02	2	66	1	EVO_1287	4	NA	0.008354122562323384	0.2967573267762018	0.9998674987155608
bioscreen_strep_02	2	67	2	EVO_1287	4	NA	0.008022433959507677	0.30219124381935564	0.9998439798674313
bioscreen_strep_02	2	68	3	EVO_1287	4	NA	0.008239451884226336	0.2999321700698888	0.9998427334456798
bioscreen_strep_02	2	69	4	EVO_1287	4	NA	0.008257368583474227	0.2959662093452437	0.9998549764630063
bioscreen_strep_02	1	7	2	ANC_1287	2048	NA	0.07975814555987407	0.009788648641948164	0.9931051827251766
bioscreen_strep_02	2	70	5	EVO_1287	4	NA	0.008193768414637644	0.29593037028115027	0.9998580975470565
bioscreen_strep_02	2	71	1	EVO_1896	4	NA	0.012878682149797031	0.1553514426424897	0.9999958374895007
bioscreen_strep_02	2	72	2	EVO_1896	4	NA	0.01301902839233265	0.15436095663341007	0.9999959858066465
bioscreen_strep_02	2	73	3	EVO_1896	4	NA	0.01212435136970787	0.15948560197129508	0.9999952948866846
bioscreen_strep_02	2	74	4	EVO_1896	4	NA	0.012295228455247354	0.1579452355767581	0.9999957682845758
bioscreen_strep_02	2	75	5	EVO_1896	4	NA	0.01227824918859534	0.1574484472198834	0.9999954531862525
bioscreen_strep_02	2	76	1	EVO_1977	4	NA	0.002066037992752529	0.3439279961392146	0.9998223559893148
bioscreen_strep_02	2	77	2	EVO_1977	4	NA	0.002255621708844423	0.3408337916436944	0.9998316869562439
bioscreen_strep_02	2	78	3	EVO_1977	4	NA	0.0019545488449112377	0.34722296559023574	0.9998496227769773
bioscreen_strep_02	2	79	4	EVO_1977	4	NA	0.002140983622122501	0.3450209523923667	0.9998391488678774
bioscreen_strep_02	1	8	3	ANC_1287	2048	NA	0.08004420331687186	0.009867537815985702	0.9939483572097558
bioscreen_strep_02	2	80	5	EVO_1977	4	NA	0.0018361733187311634	0.3560532961773231	0.9998281811966238
bioscreen_strep_02	2	81	1	EVO_0403	8	NA	0.005208113217950947	0.30710151465342544	0.9996517895488095
bioscreen_strep_02	2	82	2	EVO_0403	8	NA	0.005587728003429307	0.29771350394221446	0.9997087663459105
bioscreen_strep_02	2	83	3	EVO_0403	8	NA	0.0052904193836419665	0.29836529269748435	0.9996883412347477
bioscreen_strep_02	2	84	4	EVO_0403	8	NA	0.005692598122737862	0.29104035323570526	0.9997329443576215
bioscreen_strep_02	2	85	5	EVO_0403	8	NA	0.005533195638120531	0.2907112762273568	0.999728580391125
bioscreen_strep_02	2	86	1	EVO_1287	8	NA	0.0071666111298852395	0.3160605102461313	0.9997733313031193
bioscreen_strep_02	2	87	2	EVO_1287	8	NA	0.007368246443925395	0.3109546719815478	0.9997751367446804
bioscreen_strep_02	2	88	3	EVO_1287	8	NA	0.007819231294243374	0.3035580836159924	0.9998186520180931
bioscreen_strep_02	2	89	4	EVO_1287	8	NA	0.008206248533474066	0.297008316011734	0.9998481777150559
bioscreen_strep_02	1	9	4	ANC_1287	2048	NA	0.08104349551883211	0.009781598454360907	0.9935281227961329
bioscreen_strep_02	2	90	5	EVO_1287	8	NA	0.008105136040323785	0.2980693767900613	0.999829836324709
bioscreen_strep_02	2	91	1	EVO_1896	8	NA	0.012944716992951825	0.1551436036026814	0.9999953163424986
bioscreen_strep_02	2	92	2	EVO_1896	8	NA	0.012689977803434175	0.15591476902731527	0.9999960152213028
bioscreen_strep_02	2	93	3	EVO_1896	8	NA	0.012895533020590962	0.15576197377662918	0.9999952864863888
bioscreen_strep_02	2	94	4	EVO_1896	8	NA	0.012129468884892358	0.15777470968062715	0.9999951477848893
bioscreen_strep_02	2	95	5	EVO_1896	8	NA	0.012546700317747005	0.15674806772920472	0.9999961857185108
bioscreen_strep_02	2	96	1	EVO_1977	8	NA	0.0021700800194790777	0.33877567668781877	0.9998360534456286
bioscreen_strep_02	2	97	2	EVO_1977	8	NA	0.002188200296287115	0.3430599524915115	0.9998376096520522
bioscreen_strep_02	2	98	3	EVO_1977	8	NA	0.0019797534260196014	0.3460026978659074	0.9998350139756595
bioscreen_strep_02	2	99	4	EVO_1977	8	NA	0.0019260894356940004	0.35121757679928217	0.9998072511629781
bioscreen_strep_03	1	1	1	EVO_0403	64	NA	0.004298898308499975	0.321958056219334	0.9996435675214824
bioscreen_strep_03	1	10	5	EVO_1287	64	NA	0.007745554107253958	0.29012890622796333	0.999867315163623
bioscreen_strep_03	1	100	5	EVO_1977	1024	NA	0.0017698225127169087	0.3584079501750285	0.9997765949045109
bioscreen_strep_03	2	101	1	EVO_0403	2048	NA	0.004923526069670742	0.2911113907190758	0.9997413752756417
bioscreen_strep_03	2	102	2	EVO_0403	2048	NA	0.0048506716776693425	0.29293510009256823	0.9997662626980186
bioscreen_strep_03	2	103	3	EVO_0403	2048	NA	0.003970242621731747	0.29967980114366954	0.9997439864813585
bioscreen_strep_03	2	104	4	EVO_0403	2048	NA	0.0047687091924943515	0.28717623678582355	0.9997989101487019
bioscreen_strep_03	2	105	5	EVO_0403	2048	NA	0.004530406834994546	0.28834626758499343	0.9998073444081477
bioscreen_strep_03	2	106	1	EVO_1287	2048	NA	0.008416638666607797	0.2826266963253963	0.9998797687458656
bioscreen_strep_03	2	107	2	EVO_1287	2048	NA	0.00821127926460394	0.284207622154372	0.9998792177334936
bioscreen_strep_03	2	108	3	EVO_1287	2048	NA	0.00873813294436605	0.2814006068775949	0.9998954213643078
bioscreen_strep_03	2	109	4	EVO_1287	2048	NA	0.007951960437600533	0.2910207244908685	0.9998698459609706
bioscreen_strep_03	1	11	1	EVO_1896	64	NA	0.013119018136982841	0.1554723383630762	0.9999955291509097
bioscreen_strep_03	2	110	5	EVO_1287	2048	NA	0.007578637690118267	0.2949077892721573	0.9998773170193477
bioscreen_strep_03	2	111	1	EVO_1896	2048	NA	0.013554642441120994	0.1533098213376263	0.9999958687764581
bioscreen_strep_03	2	112	2	EVO_1896	2048	NA	0.012033206450678773	0.16130245634926568	0.9999952518128801
bioscreen_strep_03	2	113	3	EVO_1896	2048	NA	0.01195448778932781	0.1620220234389431	0.9999943146462579
bioscreen_strep_03	2	114	4	EVO_1896	2048	NA	0.004769288302021755	0.22437166344198822	0.9999799777001036
bioscreen_strep_03	2	115	5	EVO_1896	2048	NA	0.012049090262592543	0.16074257333452371	0.9999953228967176
bioscreen_strep_03	2	116	1	EVO_1977	2048	NA	0.00217557739963388	0.33943196264435094	0.9998230746169158
bioscreen_strep_03	2	117	2	EVO_1977	2048	NA	0.0020472247544748743	0.3525241028883707	0.9998176510738925
bioscreen_strep_03	2	118	3	EVO_1977	2048	NA	0.002480552670098209	0.33560852437894967	0.9998335796276254
bioscreen_strep_03	2	119	4	EVO_1977	2048	NA	0.002133029333377344	0.3454518750472639	0.9997996779554912
bioscreen_strep_03	1	12	2	EVO_1896	64	NA	0.012997083647990201	0.15867348859018257	0.9999953220411893
bioscreen_strep_03	2	120	5	EVO_1977	2048	NA	0.002222102645467371	0.33914151926122665	0.9997989795208363
bioscreen_strep_03	2	121	1	EVO_0403	4096	NA	0.004979861964262803	0.2792791902297486	0.9998410642248633
bioscreen_strep_03	2	122	2	EVO_0403	4096	NA	0.004152779089486857	0.29020637524984116	0.9998078614671457
bioscreen_strep_03	2	123	3	EVO_0403	4096	NA	0.004129994283256618	0.2900924445030592	0.9998370601768891
bioscreen_strep_03	2	124	4	EVO_0403	4096	NA	0.0042547155836876	0.2894731034684403	0.999818887572253
bioscreen_strep_03	2	125	5	EVO_0403	4096	NA	0.0038229586495413794	0.2907034024179221	0.999826309279748
bioscreen_strep_03	2	126	1	EVO_1287	4096	NA	0.006531946349079334	0.315449633828527	0.9998250905218888
bioscreen_strep_03	2	127	2	EVO_1287	4096	NA	0.006792617275901531	0.31745101295068484	0.9998215160304192
bioscreen_strep_03	2	128	3	EVO_1287	4096	NA	0.006917801286288875	0.31709487713601775	0.9998321798332801
bioscreen_strep_03	2	129	4	EVO_1287	4096	NA	0.007652819575285375	0.30042665198814594	0.9998615559865339
bioscreen_strep_03	1	13	3	EVO_1896	64	NA	0.01248510310869482	0.15984201682742058	0.9999950236260623
bioscreen_strep_03	2	130	5	EVO_1287	4096	NA	0.007847378766477106	0.29720449975533275	0.9998631766403986
bioscreen_strep_03	2	131	1	EVO_1896	4096	NA	0.012063871872742297	0.1602246189441483	0.9999953288375
bioscreen_strep_03	2	132	2	EVO_1896	4096	NA	0.01189935978258869	0.15994590007924822	0.9999959711942501
bioscreen_strep_03	2	133	3	EVO_1896	4096	NA	0.011746467449456741	0.16107235141126422	0.9999967856536712
bioscreen_strep_03	2	134	4	EVO_1896	4096	NA	0.010688253769510502	0.16247562871122356	0.9999962395385994
bioscreen_strep_03	2	135	5	EVO_1896	4096	NA	0.011798801147032259	0.16075900684985808	0.9999959712336339
bioscreen_strep_03	2	136	1	EVO_1977	4096	NA	0.0019289117750110267	0.33297404918877455	0.9998480073682063
bioscreen_strep_03	2	137	2	EVO_1977	4096	NA	0.001999555288295263	0.33141257506024174	0.9998206336095514
bioscreen_strep_03	2	138	3	EVO_1977	4096	NA	0.0015877753125560705	0.34420302429024213	0.999815402448503
bioscreen_strep_03	2	139	4	EVO_1977	4096	NA	0.0019795576467400468	0.3333593506450738	0.9998315328983457
bioscreen_strep_03	1	14	4	EVO_1896	64	NA	0.012107942229763599	0.16123338511645058	0.9999951309167435
bioscreen_strep_03	2	140	5	EVO_1977	4096	NA	0.0018822669712544639	0.33490047460395095	0.9998093875162948
bioscreen_strep_03	1	15	5	EVO_1896	64	NA	0.012679699216694961	0.1581484414576892	0.9999954771896367
bioscreen_strep_03	1	16	1	EVO_1977	64	NA	0.002126275936463949	0.3507912473532097	0.9998333223508001
bioscreen_strep_03	1	17	2	EVO_1977	64	NA	0.001981713443321273	0.35923112722447587	0.9998060628462375
bioscreen_strep_03	1	18	3	EVO_1977	64	NA	0.0020010484796222612	0.35072659732122213	0.9998281115188328
bioscreen_strep_03	1	19	4	EVO_1977	64	NA	0.002034357275869165	0.35323980495854057	0.9998567883682755
bioscreen_strep_03	1	2	2	EVO_0403	64	NA	0.004568743865479525	0.3176987432827919	0.9996933526924572
bioscreen_strep_03	1	20	5	EVO_1977	64	NA	0.0022809716490722757	0.34388231394650276	0.9998483459170907
bioscreen_strep_03	1	21	1	EVO_0403	128	NA	0.004849840061029547	0.30933036015378834	0.9997295898726191
bioscreen_strep_03	1	22	2	EVO_0403	128	NA	0.0050724112319057825	0.30175493390965785	0.9997043519945066
bioscreen_strep_03	1	23	3	EVO_0403	128	NA	0.004933424931678822	0.29659776544797894	0.9997720044572783
bioscreen_strep_03	1	24	4	EVO_0403	128	NA	0.005350246446596231	0.29135871834932187	0.9997882211688917
bioscreen_strep_03	1	25	5	EVO_0403	128	NA	0.005311758387873314	0.29235570521154647	0.9997965040246469
bioscreen_strep_03	1	26	1	EVO_1287	128	NA	0.0076455236716782326	0.2980738339142838	0.9998758203427357
bioscreen_strep_03	1	27	2	EVO_1287	128	NA	0.007796398954042263	0.29329458869556446	0.9998818573388957
bioscreen_strep_03	1	28	3	EVO_1287	128	NA	0.008389749153918581	0.28833765731083133	0.9998784586074435
bioscreen_strep_03	1	29	4	EVO_1287	128	NA	0.00801506213843214	0.28955858833159337	0.9998656026088237
bioscreen_strep_03	1	3	3	EVO_0403	64	NA	0.004681804380990719	0.3133699168869744	0.9997120231529464
bioscreen_strep_03	1	30	5	EVO_1287	128	NA	0.008018705256569815	0.2900234910288974	0.9998499504847482
bioscreen_strep_03	1	31	1	EVO_1896	128	NA	0.012807365984462188	0.15937046262014873	0.9999949668114069
bioscreen_strep_03	1	32	2	EVO_1896	128	NA	0.011970794289857523	0.1638073532840398	0.999994523666293
bioscreen_strep_03	1	33	3	EVO_1896	128	NA	0.012370240950257195	0.1605343038037906	0.9999954702279886
bioscreen_strep_03	1	34	4	EVO_1896	128	NA	0.011744030801984214	0.16321754752676243	0.9999947884988982
bioscreen_strep_03	1	35	5	EVO_1896	128	NA	0.011867940212547305	0.16396189024753424	0.9999944284696005
bioscreen_strep_03	1	36	1	EVO_1977	128	NA	0.001999697510338697	0.35258616914150326	0.9998676079826914
bioscreen_strep_03	1	37	2	EVO_1977	128	NA	0.001997093169275501	0.3579047694862345	0.9998402795796233
bioscreen_strep_03	1	38	3	EVO_1977	128	NA	0.001870843524474632	0.3598364081439223	0.9998472094402994
bioscreen_strep_03	1	39	4	EVO_1977	128	NA	0.001818460685131161	0.36260051529449466	0.9998483717842834
bioscreen_strep_03	1	4	4	EVO_0403	64	NA	0.004834726406165517	0.3067795334817226	0.9997397859935485
bioscreen_strep_03	1	40	5	EVO_1977	128	NA	0.0017264653585212966	0.36362360783765774	0.9998085412847836
bioscreen_strep_03	1	41	1	EVO_0403	256	NA	0.004578125236215529	0.30819673559154703	0.9997115006506873
bioscreen_strep_03	1	42	2	EVO_0403	256	NA	0.005392432637079706	0.2929449207547264	0.9997284216386076
bioscreen_strep_03	1	43	3	EVO_0403	256	NA	0.005637207652146263	0.28739910132201835	0.9997752640590902
bioscreen_strep_03	1	44	4	EVO_0403	256	NA	0.005910981281978	0.2789617970946659	0.9997925805064029
bioscreen_strep_03	1	45	5	EVO_0403	256	NA	0.005933252587887119	0.2834026014196062	0.999770130114415
bioscreen_strep_03	1	46	1	EVO_1287	256	NA	0.006807018449316413	0.3124956930618911	0.9998135905162364
bioscreen_strep_03	1	47	2	EVO_1287	256	NA	0.006993990569941102	0.3116086990982271	0.9998260131850268
bioscreen_strep_03	1	48	3	EVO_1287	256	NA	0.006411970768729741	0.31564472367067414	0.9998205844861586
bioscreen_strep_03	1	49	4	EVO_1287	256	NA	0.006889551249131518	0.30537398736439875	0.9998276402431744
bioscreen_strep_03	1	5	5	EVO_0403	64	NA	0.004939562142176699	0.30559247955097413	0.9997506390263001
bioscreen_strep_03	1	50	5	EVO_1287	256	NA	0.007011019425814268	0.30651884998877915	0.9998194174400741
bioscreen_strep_03	1	51	1	EVO_1896	256	NA	0.01317976991971733	0.15705513397732868	0.9999948959154625
bioscreen_strep_03	1	52	2	EVO_1896	256	NA	0.012776850826793416	0.15936871643487105	0.9999954601425887
bioscreen_strep_03	1	53	3	EVO_1896	256	NA	0.012998428086817948	0.15855991440926584	0.9999949942038519
bioscreen_strep_03	1	54	4	EVO_1896	256	NA	0.012619671840902678	0.16095672485962398	0.9999949254593281
bioscreen_strep_03	1	55	5	EVO_1896	256	NA	0.01221978039290531	0.1612730017527171	0.9999947487243112
bioscreen_strep_03	1	56	1	EVO_1977	256	NA	0.0020901158169125164	0.34979783689363336	0.9998395625657922
bioscreen_strep_03	1	57	2	EVO_1977	256	NA	0.0021504814495187223	0.35413945086673987	0.999841223132421
bioscreen_strep_03	1	58	3	EVO_1977	256	NA	0.001913581500243478	0.35564749820960934	0.9998376447908718
bioscreen_strep_03	1	59	4	EVO_1977	256	NA	0.002282903071126645	0.35181428016776134	0.9998734693107182
bioscreen_strep_03	1	6	1	EVO_1287	64	NA	0.00892074413162839	0.27381851091626636	0.9998884529021052
bioscreen_strep_03	1	60	5	EVO_1977	256	NA	0.0020024553826175646	0.3541216454851898	0.9998136772103825
bioscreen_strep_03	1	61	1	EVO_0403	512	NA	0.004711178178848946	0.3035230958489436	0.9996299138395168
bioscreen_strep_03	1	62	2	EVO_0403	512	NA	0.005023058361029731	0.29405751107191264	0.9996587758549512
bioscreen_strep_03	1	63	3	EVO_0403	512	NA	0.005180557278815144	0.2941498963963282	0.9996795922385299
bioscreen_strep_03	1	64	4	EVO_0403	512	NA	0.0051524292650201075	0.29117660113743205	0.999695488048378
bioscreen_strep_03	1	65	5	EVO_0403	512	NA	0.005525498651979791	0.28938594120021705	0.9996836223199178
bioscreen_strep_03	1	66	1	EVO_1287	512	NA	0.0069878223475201605	0.3124673466766532	0.9998093498173596
bioscreen_strep_03	1	67	2	EVO_1287	512	NA	0.0067983607420453495	0.3107059373094405	0.9998285635715857
bioscreen_strep_03	1	68	3	EVO_1287	512	NA	0.006927188217559939	0.31014789291657896	0.9998355590078446
bioscreen_strep_03	1	69	4	EVO_1287	512	NA	0.007567066636774941	0.30115817037680603	0.9998493772755875
bioscreen_strep_03	1	7	2	EVO_1287	64	NA	0.008518789218077038	0.2782590674645984	0.9998802724064965
bioscreen_strep_03	1	70	5	EVO_1287	512	NA	0.007758740413350258	0.29685481416851756	0.9998567013493641
bioscreen_strep_03	1	71	1	EVO_1896	512	NA	0.012298257170979406	0.16074941186607036	0.9999957448392626
bioscreen_strep_03	1	72	2	EVO_1896	512	NA	0.01232598884141676	0.1621040925520527	0.9999949966847629
bioscreen_strep_03	1	73	3	EVO_1896	512	NA	0.013053538985317898	0.15854025224333065	0.9999843763177028
bioscreen_strep_03	1	74	4	EVO_1896	512	NA	0.012516219972080892	0.1596161657379091	0.9999956204845264
bioscreen_strep_03	1	75	5	EVO_1896	512	NA	0.01279539482398141	0.1607896873756479	0.9999949428833667
bioscreen_strep_03	1	76	1	EVO_1977	512	NA	0.0018973117132443343	0.3569012903550391	0.9998379895266521
bioscreen_strep_03	1	77	2	EVO_1977	512	NA	0.0019489339676222598	0.3582503435085851	0.9998258523205165
bioscreen_strep_03	1	78	3	EVO_1977	512	NA	0.0018612519276579198	0.36057529205448696	0.9998108484252015
bioscreen_strep_03	1	79	4	EVO_1977	512	NA	0.0019020765661307425	0.35894762218435367	0.99981033537233
bioscreen_strep_03	1	8	3	EVO_1287	64	NA	0.0084222008169479	0.2801839907587505	0.9998744528469234
bioscreen_strep_03	1	80	5	EVO_1977	512	NA	0.001859351443288729	0.35762140637388806	0.9997654698233894
bioscreen_strep_03	1	81	1	EVO_0403	1024	NA	0.005188418196702681	0.2937897562913767	0.9996836084759632
bioscreen_strep_03	1	82	2	EVO_0403	1024	NA	0.004200015578420848	0.30982865512940716	0.999646133780033
bioscreen_strep_03	1	83	3	EVO_0403	1024	NA	0.003971725299339492	0.3091926743404555	0.9996222828728348
bioscreen_strep_03	1	84	4	EVO_0403	1024	NA	0.004141206156806897	0.3069587177009359	0.99960960698857515
bioscreen_strep_03	1	85	5	EVO_0403	1024	NA	0.004359584460909931	0.306938880678519	0.999640653885975
bioscreen_strep_03	1	86	1	EVO_1287	1024	NA	0.009142545604093161	0.27290721547024327	0.9998790262658238
bioscreen_strep_03	1	87	2	EVO_1287	1024	NA	0.00889948245234462	0.2739796256861333	0.999870602082282
bioscreen_strep_03	1	88	3	EVO_1287	1024	NA	0.009217891096183487	0.2717636620045383	0.9998721660495098
bioscreen_strep_03	1	89	4	EVO_1287	1024	NA	0.008884766691042786	0.2752855615737187	0.9998742477843516
bioscreen_strep_03	1	9	4	EVO_1287	64	NA	0.008651197573763057	0.279539862875516	0.999869838620101
bioscreen_strep_03	1	90	5	EVO_1287	1024	NA	0.008607335298753469	0.2763946655337371	0.9998681012539863
bioscreen_strep_03	1	91	1	EVO_1896	1024	NA	0.01172694964882416	0.16501949595386325	0.9999944797124263
bioscreen_strep_03	1	92	2	EVO_1896	1024	NA	0.012793091329431664	0.15823274953867622	0.999995977180474
bioscreen_strep_03	1	93	3	EVO_1896	1024	NA	0.012545541216930146	0.15922201276903206	0.999996717539315
bioscreen_strep_03	1	94	4	EVO_1896	1024	NA	0.012659756414875907	0.15827752437354828	0.9999966461152348
bioscreen_strep_03	1	95	5	EVO_1896	1024	NA	0.012953020052125043	0.15683848175608958	0.9999966077251966
bioscreen_strep_03	1	96	1	EVO_1977	1024	NA	0.0020077425116367246	0.35561938213290945	0.9997594332259357
bioscreen_strep_03	1	97	2	EVO_1977	1024	NA	0.002035397279642279	0.35097895617904834	0.9997752912559607
bioscreen_strep_03	1	98	3	EVO_1977	1024	NA	0.0017561957853454032	0.36221404659159506	0.9997418056797674
bioscreen_strep_03	1	99	4	EVO_1977	1024	NA	0.001967816935777547	0.35342589885792464	0.9997565181778959
